time step,inexact,greedy,naive,resource
0,0.0,0.0,0.0,-0.25
1,0.0,0.0,0.0,-0.25
2,0.0,0.0,0.0,-0.25
3,0.0,0.0,0.0,-0.25
4,0.0,0.0,0.0,-0.25
5,0.0,0.0,0.0,-0.25
6,0.0,0.0,0.0,-0.25
7,0.0,0.0,0.0,-0.25
8,0.0,0.0,0.0,-0.25
9,0.0,0.0,0.0,-0.25
10,0.0,0.0,0.0,-0.25
11,0.0,0.0,0.0,-0.25
12,0.0,0.0,0.0,-0.25
13,0.0,0.0,0.0,-0.25
14,0.0,0.0,0.0,-0.25
15,0.0,0.0,0.0,-0.25
16,0.0,0.0,0.0,-0.25
17,0.0,0.0,0.0,-0.25
18,0.0,0.0,0.0,-0.25
19,0.0,0.0,0.0,-0.25
20,0.0,0.0,0.0,-0.25
21,0.0,0.0,0.0,-0.25
22,0.0,0.0,0.0,-0.25
23,0.0,0.0,0.0,-0.25
24,0.0,0.0,0.0,-0.25
25,0.0,0.0,0.0,-0.25
26,0.0,0.0,0.0,-0.25
27,0.0,0.0,0.0,-0.25
28,0.0,0.0,0.0,-0.25
29,0.0,0.0,0.0,-0.25
30,0.0,0.0,0.0,-0.25
31,0.0,0.0,0.0,-0.25
32,0.0,0.0,0.0,-0.25
33,0.0,0.0,0.0,-0.25
34,0.0,0.0,0.0,-0.25
35,0.0,0.0,0.0,-0.25
36,0.0,0.0,0.0,-0.25
37,0.0,0.0,0.0,-0.25
38,0.0,0.0,0.0,-0.25
39,0.0,0.0,0.0,-0.25
40,0.0,0.0,0.0,-0.25
41,0.0,0.0,0.0,-0.25
42,0.0,0.0,0.0,-0.25
43,0.0,0.0,0.0,-0.25
44,0.0,0.0,0.0,-0.25
45,0.0,0.0,0.0,-0.25
46,0.0,0.0,0.0,-0.25
47,0.0,0.0,0.0,-0.25
48,0.0,0.0,0.0,-0.25
49,0.0,0.0,0.0,-0.25
50,0.0,0.0,0.0,-0.25
51,0.0,0.0,0.0,-0.25
52,0.0,0.0,0.0,-0.25
53,0.0,0.0,0.0,-0.25
54,0.0,0.0,0.0,-0.25
55,0.0,0.0,0.0,-0.25
56,0.0,0.0,0.0,-0.25
57,0.0,0.0,0.0,-0.25
58,0.0,0.0,0.0,-0.25
59,0.0,0.0,0.0,-0.25
60,0.0,0.0,0.0,-0.25
61,0.0,0.0,0.0,-0.25
62,0.0,0.0,0.0,-0.25
63,0.0,0.0,0.0,-0.25
64,0.0,0.0,0.0,-0.25
65,0.0,0.0,0.0,-0.25
66,0.0,0.0,0.0,-0.25
67,0.0,0.0,0.0,-0.25
68,0.0,0.0,0.0,-0.25
69,0.0,0.0,0.0,-0.25
70,0.0,0.0,0.0,-0.25
71,0.0,0.0,0.0,-0.25
72,0.0,0.0,0.0,0.0
73,0.0,0.0,0.0,0.0
74,0.0,0.0,0.0,0.0
75,0.0,0.0,0.0,0.0
76,0.0,0.0,0.0,0.0
77,0.0,0.0,0.0,0.0
78,0.0,0.0,0.0,0.0
79,0.0,0.0,0.0,0.0
80,0.0,0.0,0.0,0.0
81,0.0,0.0,0.0,0.0
82,0.0,0.0,0.0,0.0
83,0.0,0.0,0.0,0.0
84,0.0,0.0,0.0,0.0
85,0.0,0.0,0.0,0.0
86,0.0,0.0,0.0,0.0
87,0.0,0.0,0.0,0.0
88,0.0,0.0,0.0,0.0
89,0.0,0.0,0.0,0.0
90,0.0,0.0,0.0,0.0
91,0.0,0.0,0.0,0.0
92,0.0,0.0,0.0,0.0
93,0.0,0.0,0.0,0.0
94,0.0,0.0,0.0,0.0
95,0.0,0.0,0.0,0.0
96,0.0,0.0,0.0,0.0
97,0.0,0.0,0.0,0.0
98,0.0,0.0,0.0,0.0
99,0.0,0.0,0.0,0.0
100,0.0,0.0,0.0,0.0
101,0.0,0.0,0.0,0.0
102,0.0,0.0,0.0,0.0
103,0.0,0.0,0.0,0.0
104,0.0,0.0,0.0,0.0
105,0.0,0.0,0.0,0.0
106,0.0,0.0,0.0,0.0
107,0.0,0.0,0.0,0.0
108,0.0,0.0,0.0,0.0
109,0.0,0.0,0.0,0.0
110,0.0,0.0,0.0,0.0
111,0.0,0.0,0.0,0.0
112,0.0,0.0,0.0,0.0
113,0.0,0.0,0.0,0.0
114,0.0,0.0,0.0,0.0
115,0.0,0.0,0.0,0.0
116,0.0,0.0,0.0,0.0
117,0.0,0.0,0.0,0.0
118,0.0,0.0,0.0,0.0
119,0.0,0.0,0.0,0.0
120,0.0,0.0,0.0,0.0
121,0.0,0.0,0.0,0.0
122,0.0,0.0,0.0,0.0
123,0.0,0.0,0.0,0.0
124,0.0,0.0,0.0,0.0
125,0.0,0.0,0.0,0.0
126,0.0,0.0,0.0,0.0
127,0.0,0.0,0.0,0.0
128,0.0,0.0,0.0,0.0
129,0.0,0.0,0.0,0.0
130,0.0,0.0,0.0,0.0
131,0.0,0.0,0.0,0.0
132,0.0,0.0,0.0,-0.25
133,0.0,0.0,0.0,-0.25
134,0.0,0.0,0.0,-0.25
135,0.0,0.0,0.0,-0.25
136,0.0,0.0,0.0,-0.25
137,0.0,0.0,0.0,-0.25
138,0.08364,0.0,0.08364,-0.25
139,0.08364,0.0,0.08364,-0.25
140,0.08364,0.0,0.08364,-0.25
141,0.08364,0.0,0.08364,-0.25
142,0.08364,0.0,0.08364,-0.25
143,0.08364,0.0,0.08364,-0.25
144,0.08364,0.0,0.08364,-0.25
145,0.08364,0.0,0.08364,-0.25
146,0.08364,0.0,0.08364,-0.25
147,0.08364,0.0,0.08364,-0.25
148,0.08364,0.0,0.08364,-0.25
149,0.08364,0.0,0.08364,-0.25
150,0.08364,0.0,0.08364,-0.25
151,0.08364,0.0,0.08364,-0.25
152,0.08364,0.0,0.08364,-0.25
153,0.08364,0.0,0.08364,-0.25
154,0.08364,0.0,0.08364,-0.25
155,0.08364,0.0,0.08364,-0.25
156,0.08364,0.0,0.08364,-0.25
157,0.08364,0.0,0.08364,-0.25
158,0.08364,0.0,0.08364,-0.25
159,0.08364,0.0,0.08364,-0.25
160,0.08364,0.0,0.08364,-0.25
161,0.08364,0.0,0.08364,-0.25
162,0.08364,0.0,0.08364,-0.25
163,0.08364,0.0,0.08364,-0.25
164,0.08364,0.0,0.08364,-0.25
165,0.08364,0.0,0.08364,-0.25
166,0.08364,0.0,0.08364,-0.25
167,0.08364,0.0,0.08364,-0.25
168,0.08364,0.0,0.08364,-0.25
169,0.08364,0.0,0.08364,-0.25
170,0.08364,0.0,0.08364,-0.25
171,0.08364,0.0,0.08364,-0.25
172,0.08364,0.0,0.08364,-0.25
173,0.08364,0.0,0.08364,-0.25
174,0.08364,0.0,0.08364,-0.25
175,0.08364,0.0,0.08364,-0.25
176,0.08364,0.0,0.08364,-0.25
177,0.0,0.0,0.0,-0.25
178,0.0,0.0,0.0,-0.25
179,0.0,0.0,0.0,-0.25
180,0.0,0.0,0.0,-0.25
181,0.0,0.0,0.0,-0.25
182,0.0,0.0,0.0,-0.25
183,0.0,0.0,0.0,-0.25
184,0.0,0.0,0.0,-0.25
185,0.0,0.0,0.0,-0.25
186,0.0,0.0,0.0,-0.25
187,0.0,0.0,0.0,-0.25
188,0.0,0.0,0.0,-0.25
189,0.0,0.0,0.0,-0.25
190,0.0,0.0,0.0,-0.25
191,0.08448,0.0,0.08448,-0.25
192,0.08448,0.0,0.08448,-0.25
193,0.08448,0.0,0.08448,-0.25
194,0.08448,0.0,0.08448,-0.25
195,0.08448,0.0,0.08448,-0.25
196,0.08448,0.0,0.08448,-0.25
197,0.08448,0.0,0.08448,-0.25
198,0.08448,0.0,0.08448,-0.25
199,0.08448,0.0,0.08448,-0.25
200,0.08448,0.0,0.08448,-0.25
201,0.08448,0.0,0.08448,-0.25
202,0.08448,0.0,0.08448,-0.25
203,0.08448,0.0,0.08448,-0.25
204,0.08448,0.0,0.08448,-0.25
205,0.08448,0.0,0.08448,-0.25
206,0.08448,0.0,0.08448,-0.25
207,0.08448,0.0,0.08448,-0.25
208,0.08448,0.0,0.08448,-0.25
209,0.08448,0.0,0.08448,-0.25
210,0.08448,0.0,0.08448,-0.25
211,0.08448,0.0,0.08448,-0.25
212,0.08448,0.0,0.08448,-0.25
213,0.08448,0.0,0.08448,-0.25
214,0.08448,0.0,0.08448,-0.25
215,0.08448,0.0,0.08448,-0.25
216,0.08448,0.0,0.08448,-0.25
217,0.08448,0.0,0.08448,-0.25
218,0.08448,0.0,0.08448,-0.25
219,0.08448,0.0,0.08448,-0.25
220,0.08448,0.0,0.08448,-0.25
221,0.08448,0.0,0.08448,-0.25
222,0.08448,0.0,0.08448,-0.25
223,0.08448,0.0,0.08448,-0.25
224,0.08448,0.0,0.08448,-0.25
225,0.08448,0.0,0.08448,-0.25
226,0.08448,0.0,0.08448,-0.25
227,0.08448,0.0,0.08448,-0.25
228,0.08448,0.0,0.08448,-0.25
229,0.08448,0.0,0.08448,-0.25
230,0.08448,0.0,0.08448,-0.25
231,0.08448,0.0,0.08448,-0.25
232,0.08448,0.0,0.08448,-0.25
233,0.08448,0.0,0.08448,-0.25
234,0.08448,0.0,0.08448,-0.25
235,0.0,0.0,0.0,-0.25
236,0.0,0.0,0.0,-0.25
237,0.0,0.0,0.0,-0.25
238,0.0,0.0,0.0,-0.25
239,0.0,0.0,0.0,-0.25
240,0.0,0.0,0.0,-0.25
241,0.0,0.0,0.0,-0.25
242,0.0,0.0,0.0,-0.25
243,0.0,0.0,0.0,-0.25
244,0.0,0.0,0.0,-0.25
245,0.0,0.0,0.0,-0.25
246,0.0,0.0,0.0,-0.25
247,0.0,0.0,0.0,-0.25
248,0.0,0.0,0.0,-0.25
249,0.0,0.0,0.0,-0.25
250,0.0,0.0,0.0,-0.25
251,0.0,0.0,0.0,-0.25
252,0.0,0.0,0.0,-0.25
253,0.0,0.0,0.0,-0.25
254,0.0,0.0,0.0,-0.25
255,0.0,0.0,0.0,-0.25
256,0.0,0.0,0.0,-0.25
257,0.0,0.0,0.0,-0.25
258,0.0,0.0,0.0,-0.25
259,0.0,0.0,0.0,-0.25
260,0.0,0.0,0.0,-0.25
261,0.0,0.0,0.0,-0.25
262,0.0,0.0,0.0,-0.25
263,0.0,0.0,0.0,-0.25
264,0.0,0.0,0.0,-0.25
265,0.0,0.0,0.0,-0.25
266,0.0,0.0,0.0,-0.25
267,0.0,0.0,0.0,-0.25
268,0.0,0.0,0.0,-0.25
269,0.0,0.0,0.0,-0.25
270,0.0,0.0,0.0,-0.25
271,0.0,0.0,0.0,-0.25
272,0.0,0.0,0.0,-0.25
273,0.0,0.0,0.0,-0.25
274,0.0,0.08364,0.0,-0.25
275,0.0,0.08364,0.0,-0.25
276,0.0,0.08364,0.0,-0.25
277,0.0,0.08364,0.0,-0.25
278,0.0,0.08364,0.0,-0.25
279,0.0,0.08364,0.0,-0.25
280,0.0,0.08364,0.0,-0.25
281,0.0,0.08364,0.0,-0.25
282,0.0,0.08364,0.0,-0.25
283,0.0,0.08364,0.0,-0.25
284,0.0,0.08364,0.0,-0.25
285,0.0,0.08364,0.0,-0.25
286,0.0,0.08364,0.0,-0.25
287,0.0,0.08364,0.0,-0.25
288,0.0,0.08364,0.0,-0.25
289,0.0,0.08364,0.0,-0.25
290,0.0,0.08364,0.0,-0.25
291,0.0,0.08364,0.0,-0.25
292,0.0,0.08364,0.0,-0.25
293,0.0,0.08364,0.0,-0.25
294,0.0,0.08364,0.0,-0.25
295,0.0,0.08364,0.0,-0.25
296,0.0,0.08364,0.0,-0.25
297,0.0,0.08364,0.0,-0.25
298,0.0,0.08364,0.0,-0.25
299,0.0,0.08364,0.0,-0.25
300,0.0,0.08364,0.0,-0.25
301,0.0,0.08364,0.0,-0.25
302,0.0,0.08364,0.0,-0.25
303,0.0,0.08364,0.0,-0.25
304,0.0,0.08364,0.0,-0.25
305,0.0,0.08364,0.0,-0.25
306,0.0,0.08364,0.0,-0.25
307,0.0,0.08364,0.0,-0.25
308,0.0,0.08364,0.0,-0.25
309,0.0,0.08364,0.0,-0.25
310,0.0,0.08364,0.0,-0.25
311,0.0,0.08364,0.0,-0.25
312,0.0,0.08364,0.0,0.25
313,0.0,0.0,0.0,0.25
314,0.0,0.0,0.0,0.25
315,0.0,0.0,0.0,0.25
316,0.0,0.0,0.0,0.25
317,0.0,0.0,0.0,0.25
318,0.0,0.0,0.0,0.25
319,0.0,0.0,0.0,0.25
320,0.0,0.0,0.0,0.25
321,0.0,0.0,0.0,0.25
322,0.0,0.0,0.0,0.25
323,0.0,0.0,0.0,0.25
324,0.32952,0.32952,0.32952,0.25
325,0.32952,0.32952,0.32952,0.25
326,0.32952,0.32952,0.32952,0.25
327,0.32952,0.32952,0.32952,0.25
328,0.32952,0.32952,0.32952,0.25
329,0.32952,0.414,0.32952,0.25
330,0.32952,0.414,0.32952,0.25
331,0.32952,0.414,0.32952,0.25
332,0.32952,0.414,0.32952,0.25
333,0.32952,0.414,0.32952,0.25
334,0.32952,0.414,0.32952,0.25
335,0.32952,0.414,0.32952,0.25
336,0.32952,0.414,0.32952,0.25
337,0.32952,0.414,0.32952,0.25
338,0.32952,0.414,0.32952,0.25
339,0.32952,0.414,0.32952,0.25
340,0.32952,0.414,0.32952,0.25
341,0.66789,0.75237,0.66789,0.25
342,0.66789,0.75237,0.66789,0.25
343,0.66789,0.75237,0.66789,0.25
344,0.66789,0.75237,0.66789,0.25
345,0.66789,0.75237,0.66789,0.25
346,0.66789,0.75237,0.66789,0.25
347,0.66789,0.75237,0.66789,0.25
348,0.66789,0.75237,0.66789,0.25
349,0.66789,0.75237,0.66789,0.25
350,0.66789,0.75237,0.66789,0.25
351,0.66789,0.75237,0.66789,0.25
352,0.66789,0.75237,0.66789,0.25
353,0.66789,0.75237,0.66789,0.25
354,0.66789,0.75237,0.66789,0.25
355,0.66789,0.75237,0.66789,0.25
356,0.66789,0.75237,0.66789,0.25
357,0.66789,0.75237,0.66789,0.25
358,0.66789,0.75237,0.66789,0.25
359,0.66789,0.75237,0.66789,0.25
360,0.66789,0.75237,0.66789,0.25
361,1.1485900000000002,1.0794599999999999,1.1485900000000002,0.25
362,1.1485900000000002,1.0794599999999999,1.1485900000000002,0.25
363,1.1485900000000002,1.0794599999999999,1.1485900000000002,0.25
364,1.1485900000000002,1.0794599999999999,1.1485900000000002,0.25
365,1.1485900000000002,1.0794599999999999,1.1485900000000002,0.25
366,1.7182999999999997,1.40948,1.7182999999999997,0.25
367,1.5646900000000001,1.40948,1.5646900000000001,0.25
368,1.5646900000000001,1.40948,1.5646900000000001,0.25
369,1.5646900000000001,1.40948,1.5646900000000001,0.25
370,1.5646900000000001,1.40948,1.5646900000000001,0.25
371,1.325,1.40948,1.325,0.25
372,1.6555799999999998,1.74006,1.6555799999999998,12.0
373,1.9855699999999998,1.9855699999999996,1.9855699999999998,12.0
374,2.17683,2.17683,2.17683,12.0
375,2.5051299999999994,2.50513,2.5051299999999994,12.0
376,2.5051299999999994,2.50513,2.5051299999999994,12.0
377,2.5051299999999994,2.50513,2.5051299999999994,12.0
378,2.834139999999999,2.8341399999999997,2.834139999999999,12.0
379,3.1642199999999994,3.1642200000000003,3.1642199999999994,12.0
380,3.1642199999999994,3.1642200000000003,3.1642199999999994,12.0
381,3.1642199999999994,3.1642200000000003,3.1642199999999994,12.0
382,3.1642199999999994,3.1642200000000003,3.1642199999999994,12.0
383,3.1642199999999994,3.1642200000000003,3.1642199999999994,12.0
384,3.1642199999999994,3.1642200000000003,3.1642199999999994,12.0
385,3.4983999999999997,3.4983999999999997,3.4983999999999997,12.0
386,3.4983999999999997,3.4983999999999997,3.4983999999999997,12.0
387,3.4983999999999997,3.4983999999999997,3.4983999999999997,12.0
388,4.1511000000000005,3.8289899999999997,4.1511000000000005,12.0
389,4.1511000000000005,3.8289899999999997,4.1511000000000005,12.0
390,4.48097,4.15886,4.48097,12.0
391,4.48097,4.15886,4.48097,12.0
392,4.811250000000001,4.48914,4.811250000000001,12.0
393,4.811250000000001,4.48914,4.811250000000001,12.0
394,4.811250000000001,4.82043,5.142540000000001,12.0
395,5.205700000000001,5.21488,5.53699,12.0
396,6.672350000000001,7.835520000000001,8.157630000000001,12.0
397,6.672350000000001,7.835520000000001,8.157630000000001,12.0
398,6.350239999999999,8.73234,8.73234,12.0
399,7.403549999999999,9.06259,9.06259,12.0
400,7.403549999999999,9.06259,9.06259,12.0
401,7.403549999999999,9.06259,9.06259,12.0
402,7.403549999999999,9.06259,9.06259,12.0
403,7.403549999999999,9.06259,9.06259,12.0
404,7.403549999999999,9.06259,9.06259,12.0
405,7.733569999999999,9.392610000000001,9.392610000000001,12.0
406,8.726140000000001,10.39024,10.39024,12.0
407,9.055930000000002,10.720030000000001,10.720030000000001,12.0
408,9.055930000000002,10.720030000000001,10.720030000000001,12.0
409,10.158210000000002,11.05503,11.055030000000002,12.0
410,10.488560000000001,11.385380000000001,11.385380000000003,12.0
411,10.488560000000001,11.385380000000001,11.385380000000003,12.0
412,10.82102,11.71784,11.717840000000006,12.0
413,10.82102,11.71784,11.717840000000006,12.0
414,11.151450000000002,12.04827,12.048270000000006,12.0
415,11.151450000000002,12.04827,12.048270000000006,12.0
416,11.641250000000001,12.53807,12.538070000000006,12.0
417,11.641250000000001,12.53807,12.538070000000006,12.0
418,11.641250000000001,12.53807,12.538070000000006,12.0
419,11.641250000000001,13.38157,13.381570000000007,12.0
420,11.641250000000001,14.47121,14.471210000000006,12.0
421,11.974180000000002,14.80414,14.804140000000007,12.0
422,11.974180000000002,14.80414,14.804140000000007,12.0
423,12.303700000000005,15.455770000000001,15.133660000000008,12.0
424,12.303700000000005,15.455770000000001,15.133660000000008,12.0
425,12.303700000000005,15.455770000000001,15.133660000000008,12.0
426,12.731310000000004,15.88338,15.561270000000007,12.0
427,13.121040000000004,16.27311,15.951000000000008,12.0
428,13.452760000000005,16.604830000000003,16.282720000000005,12.0
429,13.452760000000005,16.758440000000004,16.282720000000005,12.0
430,13.782650000000006,17.088330000000003,16.612610000000004,12.0
431,14.113000000000005,17.658369999999998,16.942960000000006,12.0
432,14.113000000000005,17.658369999999998,16.942960000000006,33.25
433,14.113000000000005,17.33626,16.942960000000006,33.25
434,14.445780000000006,16.825539999999997,16.432240000000004,33.25
435,14.445780000000006,16.671929999999996,16.432240000000004,33.25
436,14.445780000000006,16.432239999999997,16.432240000000004,33.25
437,14.779460000000006,16.765919999999998,16.765920000000005,33.25
438,14.779460000000006,16.765919999999998,16.765920000000005,33.25
439,15.110010000000006,17.096469999999997,17.09647,33.25
440,15.110010000000006,17.096469999999997,17.09647,33.25
441,14.771640000000005,16.7581,16.758100000000002,33.25
442,17.446110000000004,19.43257,19.432570000000002,33.25
443,17.77446,19.76092,19.760920000000002,33.25
444,19.193860000000004,20.09068,20.090680000000003,33.25
445,19.193860000000004,20.09068,20.090680000000003,33.25
446,20.438560000000006,20.61232,20.612320000000004,33.25
447,20.768590000000003,20.942349999999998,20.94235,33.25
448,21.62085,21.79461,21.794610000000006,33.25
449,21.235370000000003,21.701259999999998,21.701260000000005,33.25
450,21.83435,22.30024,22.300240000000006,33.25
451,22.794420000000002,22.30024,23.260310000000004,33.25
452,23.124440000000007,22.63026,23.59033,33.25
453,23.552750000000003,23.05857,24.01864,33.25
454,23.552750000000003,22.39093,23.351,33.25
455,23.884080000000004,22.72226,23.68233,33.25
456,24.925520000000002,23.7637,24.723770000000002,33.25
457,24.589170000000003,23.7637,24.723770000000002,33.25
458,24.589170000000003,23.7637,24.723770000000002,33.25
459,24.925170000000005,24.099700000000002,25.059770000000004,33.25
460,24.925170000000005,24.099700000000002,25.059770000000004,33.25
461,25.0062,24.18073,25.1408,33.25
462,24.90538,24.51084,25.47091,33.25
463,24.96785,24.51084,25.533379999999998,33.25
464,24.22905,23.77204,24.79458,33.25
465,24.22905,23.77204,24.79458,33.25
466,23.63062,23.504900000000003,24.52744,33.25
467,23.331129999999998,24.165480000000002,24.227949999999996,33.25
468,23.658429999999996,24.492780000000003,24.555249999999997,33.25
469,24.484719999999996,24.577520000000003,25.381539999999998,33.25
470,25.033499999999997,24.577520000000003,25.93032,33.25
471,26.360800000000005,24.900950000000005,27.25762,33.25
472,25.58681,24.189430000000005,26.48363,33.25
473,27.06636,24.579200000000004,27.96318,33.25
474,29.41667,26.032690000000006,29.41667,33.25
475,29.47636,26.092380000000006,29.47636,33.25
476,30.630219999999998,26.422260000000005,30.630219999999998,33.25
477,28.144769999999998,23.936810000000005,28.144769999999998,33.25
478,28.66079,25.026590000000002,28.66079,33.25
479,28.49602,24.861819999999998,28.49602,33.25
480,28.076259999999998,24.36922,27.179440000000003,33.25
481,28.076259999999998,25.329289999999997,27.179440000000003,33.25
482,29.00688,26.394089999999995,28.11006,33.25
483,30.180269999999997,26.723979999999997,28.439949999999996,33.25
484,29.04037,27.878279999999997,27.30005,33.25
485,28.036499999999997,28.808899999999994,26.296179999999996,33.25
486,28.369139999999994,29.883089999999992,26.628820000000005,33.25
487,28.521079999999998,30.035029999999995,26.78076,33.25
488,27.4313,30.035029999999995,25.690980000000003,33.25
489,27.4313,30.035029999999995,25.690980000000003,33.25
490,27.244989999999998,30.427209999999995,25.504669999999997,33.25
491,26.42101,30.427209999999995,24.68069,33.25
492,26.481039999999997,30.487239999999996,24.740719999999996,38.75
493,26.813979999999997,29.7304,25.07366,38.75
494,27.079379999999997,29.479779999999998,25.33906,38.75
495,27.079379999999997,28.6558,25.33906,38.75
496,27.079379999999997,28.107020000000002,25.33906,38.75
497,26.47824,27.476429999999997,24.737920000000006,38.75
498,25.892599999999998,26.73042,24.995780000000007,38.75
499,25.732750000000003,26.5081,24.835930000000005,38.75
500,26.061760000000003,25.90649,25.164940000000005,38.75
501,26.12168,25.22486,25.224860000000003,38.75
502,27.165190000000003,26.26837,26.268370000000008,38.75
503,28.206810000000004,27.309990000000006,27.309990000000003,38.75
504,29.719540000000006,28.822720000000004,28.82272,38.75
505,29.912650000000006,29.15276,29.34587,38.75
506,30.250490000000003,29.4906,29.68371,38.75
507,30.250490000000003,29.4906,29.68371,38.75
508,30.353960000000004,29.4906,29.787180000000003,38.75
509,30.605560000000004,29.7422,30.038780000000006,38.75
510,30.68015,29.63669,30.113370000000007,38.75
511,31.00964,29.63639,30.442860000000003,38.75
512,31.06954,29.69629,30.502760000000006,38.75
513,31.11075,29.737499999999997,30.54397,38.75
514,31.76704,28.973419999999997,30.110619999999997,38.75
515,31.76704,28.973419999999997,30.110619999999997,38.75
516,31.85233,29.058709999999998,30.19591,38.75
517,31.856890000000003,29.06327,30.200470000000006,38.75
518,31.142200000000006,28.34858,29.485780000000005,38.75
519,31.472130000000003,28.67851,29.815710000000006,38.75
520,31.532180000000004,28.67851,29.875760000000007,38.75
521,31.532180000000004,28.67851,29.875760000000007,38.75
522,31.21788,28.587970000000002,29.90179000000001,38.75
523,31.21788,28.587970000000002,29.90179000000001,38.75
524,31.97444,29.22804,30.65835000000001,38.75
525,33.877600000000015,29.28808,32.561510000000006,38.75
526,34.27336000000002,29.349120000000003,33.28701000000001,38.75
527,35.63681000000002,30.71257,34.650460000000024,38.75
528,35.44723000000002,30.375279999999997,34.46088000000002,38.75
529,35.44723000000002,30.705019999999998,34.46088000000002,38.75
530,35.777040000000014,31.03974,34.790690000000026,38.75
531,36.426250000000024,31.688950000000002,35.43990000000002,38.75
532,36.60140000000002,32.194430000000004,35.94538000000002,38.75
533,36.78819000000002,32.290490000000005,36.13217000000002,38.75
534,36.78819000000002,32.290490000000005,36.13217000000002,38.75
535,36.93430000000002,32.70628000000001,36.60785000000003,38.75
536,37.26281000000003,32.70628000000001,36.93636000000003,38.75
537,38.39205000000002,33.83552,38.39542000000003,38.75
538,37.30241000000002,33.83552,38.39542000000003,38.75
539,37.707370000000026,34.95975000000001,39.459760000000024,38.75
540,37.707370000000026,34.95975000000001,39.459760000000024,38.75
541,37.707370000000026,35.07624000000001,39.459760000000024,38.75
542,37.88384000000003,34.74894000000001,39.636230000000026,38.75
543,37.88384000000003,34.74894000000001,39.636230000000026,38.75
544,37.88384000000003,34.74894000000001,39.636230000000026,38.75
545,38.36498000000002,35.230080000000015,40.11737000000003,38.75
546,38.36498000000002,35.41018000000002,40.11737000000003,38.75
547,38.425080000000015,35.41018000000002,40.17747000000003,38.75
548,38.45383000000002,35.078460000000014,40.20622000000003,38.75
549,38.51345000000002,35.24155000000002,40.26584000000003,38.75
550,37.05996000000002,33.788060000000016,38.81235000000002,38.75
551,37.05996000000002,33.788060000000016,38.81235000000002,38.75
552,38.120350000000016,33.91454000000001,39.872740000000036,41.25
553,38.41857000000002,34.21276000000001,40.170960000000036,41.25
554,37.941830000000024,34.32607000000001,40.284270000000035,41.25
555,38.02468000000002,34.73843000000001,40.696630000000034,41.25
556,37.84353000000002,35.454100000000004,41.41230000000003,41.25
557,38.36777000000002,35.99213,41.34649000000003,41.25
558,37.761380000000024,35.38574000000001,40.740100000000034,41.25
559,37.67745000000003,35.30181000000001,40.65617000000003,41.25
560,38.40367000000003,36.028030000000015,41.71187000000003,41.25
561,39.84547000000003,37.46983000000001,44.53647000000004,41.25
562,40.71458000000003,38.33894000000001,45.735470000000035,41.25
563,41.67398000000002,38.96886000000001,46.36539000000003,41.25
564,41.67398000000002,38.96886000000001,46.36539000000003,41.25
565,41.57717000000003,39.205960000000005,46.268580000000036,41.25
566,40.32211000000003,37.950900000000004,45.013520000000035,41.25
567,40.32211000000003,37.950900000000004,45.013520000000035,41.25
568,40.98797000000004,39.51453000000001,46.24733000000003,41.25
569,40.65039000000004,39.176950000000005,45.909750000000024,41.25
570,40.553520000000034,39.19665,45.81288000000003,41.25
571,41.022200000000026,39.28625,46.28156000000003,41.25
572,40.57264000000003,39.97129000000001,46.96660000000003,41.25
573,41.430440000000026,40.95933000000001,50.07273000000003,41.25
574,40.831290000000024,40.82876000000001,49.47358000000003,41.25
575,40.56268000000003,40.56015000000001,49.20497000000002,41.25
576,41.826020000000035,40.950500000000005,49.59532000000002,41.25
577,41.397520000000036,39.61054000000001,48.837130000000016,41.25
578,40.39678000000003,38.98062000000001,47.83639000000002,41.25
579,40.66968000000003,38.54678000000001,47.54134000000003,41.25
580,40.62081000000003,38.87699000000002,47.492470000000026,41.25
581,40.561190000000025,39.19645000000002,47.43285000000002,41.25
582,40.43979000000002,39.93017000000002,49.27509000000001,41.25
583,40.35590000000003,39.95247000000002,49.19120000000001,41.25
584,40.24129000000002,39.837930000000014,49.076660000000004,41.25
585,40.24129000000002,39.837930000000014,49.076660000000004,41.25
586,40.97639000000002,40.66376000000002,49.81176000000001,41.25
587,39.75011000000002,40.33551000000001,49.48351000000001,41.25
588,39.75011000000002,40.33551000000001,49.71669000000001,41.25
589,39.73861000000002,40.20923000000002,49.70519000000001,41.25
590,40.15442000000003,41.40618000000001,51.367210000000014,41.25
591,40.23435000000003,41.07075000000002,51.44714000000002,41.25
592,40.74774000000003,41.07075000000002,52.80808000000001,41.25
593,41.882340000000035,41.106830000000016,52.51409000000002,41.25
594,41.96503000000003,41.189520000000016,52.596780000000024,41.25
595,42.26489000000003,41.32998000000002,52.956710000000015,41.25
596,42.26393000000003,42.91036000000001,55.56044,41.25
597,42.27186000000003,42.65392000000001,55.304,41.25
598,41.610240000000026,44.08297000000001,56.40316000000001,41.25
599,42.23460000000003,42.82604,56.867940000000004,41.25
600,42.63940000000002,43.16467000000001,57.53711,41.25
601,43.28063000000002,43.16467000000001,58.178340000000006,41.25
602,43.84355000000002,41.504090000000005,57.843230000000005,41.25
603,43.55830000000002,41.462610000000005,57.81364,41.25
604,43.14294000000002,43.10545000000001,59.04112,41.25
605,43.16606000000003,42.79906000000001,58.734730000000006,41.25
606,43.25162000000002,44.22012000000001,59.68602,41.25
607,42.682260000000014,42.71250000000001,58.63799999999999,41.25
608,42.36713000000001,43.48049000000001,60.05540999999999,41.25
609,41.951400000000014,43.61360000000001,59.63967999999999,41.25
610,42.90871000000001,42.47900000000001,60.738839999999996,41.25
611,43.12551000000002,44.82787000000002,60.52214,41.25
612,43.456280000000014,44.82787000000002,60.852909999999994,41.5
613,43.203440000000015,44.82787000000002,60.833760000000005,41.5
614,43.914220000000014,45.241140000000016,61.24703,41.5
615,43.650240000000004,44.75266000000001,60.882549999999995,41.5
616,44.66169000000001,44.27325000000001,60.02161999999999,41.5
617,42.81857000000001,44.27325000000001,58.178499999999985,41.5
618,43.92709,44.54235000000001,57.483719999999984,41.5
619,45.21948,43.67662000000001,57.30824999999999,41.5
620,45.21948,43.67662000000001,57.30824999999999,41.5
621,44.99186,43.67662000000001,59.504589999999986,41.5
622,43.80952999999999,43.471210000000006,57.18670999999998,41.5
623,43.889219999999995,43.59315000000001,56.65460999999998,41.5
624,44.74433999999998,43.59315000000001,56.65460999999998,41.5
625,44.84598999999999,43.522700000000015,56.75625999999999,41.5
626,43.97604999999999,42.80047000000001,55.03249999999999,41.5
627,44.35217999999998,42.228300000000004,55.40862999999998,41.5
628,45.41514999999999,42.87978,55.729339999999986,41.5
629,44.39536999999999,43.676199999999994,55.99181999999997,41.5
630,43.79324,42.93218,55.247799999999984,41.5
631,43.63877999999999,43.70283999999999,56.22675999999997,41.5
632,43.41759,43.92706999999999,57.99737999999998,41.5
633,43.41759,44.540729999999996,59.38627999999998,41.5
634,42.91678,44.39212,58.88546999999998,41.5
635,42.69319000000001,44.852779999999996,61.025889999999976,41.5
636,42.69319000000001,44.852779999999996,60.996079999999985,41.5
637,43.24339,43.738550000000004,59.93990999999999,41.5
638,43.24339,45.04127,59.729679999999995,41.5
639,42.804100000000005,44.60198,61.35991,41.5
640,42.618500000000004,45.02096,61.4978,41.5
641,43.487,44.35569,61.237659999999984,41.5
642,43.95295,45.74541000000001,63.048309999999994,41.5
643,43.893010000000004,45.35558,64.68853999999997,41.5
644,43.621520000000004,45.785669999999996,63.07339999999999,41.5
645,43.16637,44.82504,61.37853,41.5
646,43.56509,45.01897,61.39184999999999,41.5
647,42.61388999999999,45.01897,59.63184999999999,41.5
648,42.37371,44.31004,58.08111,41.5
649,42.377469999999995,44.39802999999999,57.76211,41.5
650,42.68991,43.93736999999999,57.301449999999996,41.5
651,42.79577,43.93736999999999,57.02834,41.5
652,39.658200000000015,44.84433999999998,54.84246,41.5
653,41.77077,44.84433999999998,55.16036999999999,41.5
654,41.77957,45.98160999999998,54.93734,41.5
655,41.98087,46.90512999999998,56.70975,41.5
656,41.52690000000001,46.45115999999997,56.64933,41.5
657,41.60474000000001,46.45115999999997,57.52732000000001,41.5
658,41.66375000000001,46.45951999999998,54.748070000000006,41.5
659,40.520140000000005,45.649979999999985,53.22529000000001,41.5
660,39.87772999999999,46.35713999999999,53.53793999999999,41.5
661,39.88126999999999,46.51755999999998,53.83441,41.5
662,40.20072,46.51755999999998,52.037899999999986,41.5
663,40.96821,44.84073999999998,49.51958,41.5
664,40.7549,44.69707999999998,49.31066999999999,41.5
665,40.37447999999999,45.11608999999998,49.18661999999999,41.5
666,40.49605999999999,46.13932999999999,50.576329999999984,41.5
667,40.5839,46.560459999999985,54.44840999999999,41.5
668,41.16697999999999,46.12703999999999,54.69871999999999,41.5
669,41.61763,45.93577999999999,54.774359999999994,41.5
670,41.215830000000004,44.831139999999984,51.35256,41.5
671,41.993199999999995,44.654609999999984,50.77097999999999,41.5
672,41.993199999999995,44.34554999999999,50.77097999999999,41.25
673,42.449059999999996,44.14764999999999,52.077329999999996,41.25
674,42.52588,44.56988,52.15415,41.25
675,43.45451,44.53113,51.92049999999999,41.25
676,43.91249,44.565799999999996,51.92049999999999,41.25
677,44.42024,44.540319999999994,51.591229999999996,41.25
678,44.155440000000006,44.298249999999996,52.3715,41.25
679,44.11548,44.23061,52.821729999999995,41.25
680,42.46129,43.597179999999994,53.906330000000004,41.25
681,43.87613,43.50637999999999,53.906330000000004,41.25
682,43.87613,44.033429999999996,53.906330000000004,41.25
683,43.272580000000005,45.07849999999999,54.046800000000005,41.25
684,43.52696,46.10957999999999,54.41221000000001,41.25
685,43.580090000000006,43.720429999999986,51.44136,41.25
686,43.209040000000016,45.43123999999998,50.48781000000001,41.25
687,43.65695000000001,46.07246999999999,51.50412000000001,41.25
688,43.43909000000001,46.363019999999985,51.37279000000001,41.25
689,43.85842,45.814149999999984,50.06995000000001,41.25
690,43.12149000000001,45.69771999999999,50.1835,41.25
691,42.86952,44.892569999999985,50.276520000000005,41.25
692,42.658480000000004,44.06299999999999,48.114760000000004,41.25
693,43.06223000000001,43.82839999999999,48.84908,41.25
694,42.77613,43.82839999999999,48.56298000000001,41.25
695,42.655980000000014,44.25754999999998,48.442830000000015,41.25
696,43.31948000000001,44.71552999999999,48.27977000000001,41.25
697,44.20154000000002,44.77753999999998,47.76120000000001,41.25
698,44.30814000000002,44.50556999999998,47.86780000000001,41.25
699,43.71839000000002,43.87781999999998,47.60573000000001,41.25
700,43.488590000000016,43.78350999999998,46.29618000000001,41.25
701,43.53099000000001,43.49651999999998,45.90589000000001,41.25
702,42.979450000000014,42.94192999999999,45.682390000000005,41.25
703,42.23257000000002,43.67823,44.46596000000001,41.25
704,42.08271000000001,43.92556,43.98548,41.25
705,41.392170000000014,44.61691,45.72592,41.25
706,41.31902,43.706739999999996,44.10691000000001,41.25
707,41.68200000000001,44.40453999999999,44.56444000000001,41.25
708,40.40564000000001,44.43648999999999,47.25650000000002,41.25
709,41.90335,44.00357999999999,45.94689,41.25
710,43.87176,43.19291,47.595490000000005,41.25
711,43.74463000000001,43.41258999999999,47.301600000000015,41.25
712,42.322570000000006,43.26799999999999,45.98009000000001,41.25
713,42.53583000000001,43.355349999999994,46.17117000000001,41.25
714,42.53583000000001,43.518059999999984,47.82723000000001,41.25
715,41.845160000000014,43.51850999999998,46.55893000000001,41.25
716,41.19042,43.19015999999998,45.307120000000005,41.25
717,41.88892,43.24388999999998,45.97594,41.25
718,41.69784,43.344139999999975,45.78486,41.25
719,41.69784,43.67460999999998,45.127950000000006,41.25
720,41.93153,44.930129999999984,45.00448,41.25
721,42.12296,44.930129999999984,45.47871,41.25
722,41.81618,44.930129999999984,41.70512,41.25
723,41.72076,44.930129999999984,41.90605,41.25
724,41.39175000000001,45.84776999999998,41.81120000000001,41.25
725,40.68579999999999,45.95122999999998,39.46351000000001,41.25
726,40.49437,46.118189999999984,40.05637000000001,41.25
727,40.16461000000001,45.78842999999999,40.30268000000001,41.25
728,40.63163,45.78842999999999,41.65806000000001,41.25
729,39.992880000000014,45.54938999999999,39.604470000000006,41.25
730,39.992880000000014,45.54938999999999,35.948820000000005,41.25
731,40.485420000000005,45.54938999999999,36.44136000000002,41.25
732,40.77492000000001,44.81308999999998,35.994560000000014,41.5
733,41.32437,44.721629999999976,34.716420000000014,41.5
734,41.32437,45.57211999999998,35.56200000000001,41.5
735,40.43551000000001,45.57211999999998,36.05097000000001,41.5
736,39.74912000000001,45.57211999999998,35.36458000000001,41.5
737,39.287000000000006,45.57211999999998,35.09249000000001,41.5
738,39.36729000000001,45.50435999999998,34.76223000000001,41.5
739,39.36729000000001,45.37198999999998,37.85747,41.5
740,39.80404,45.257139999999985,38.18862000000001,41.5
741,40.179170000000006,43.84697999999998,37.19129000000001,41.5
742,40.097030000000004,44.460169999999984,37.17598000000002,41.5
743,40.011160000000004,43.87089999999998,38.24872000000001,41.5
744,40.082930000000005,43.60839999999998,37.50550000000001,41.5
745,39.81946000000001,43.36277999999998,36.12792000000001,41.5
746,40.18122000000001,43.53756999999999,36.82551000000001,41.5
747,40.681940000000004,44.75942999999999,36.53849,41.5
748,40.421260000000004,46.12301999999998,36.96902000000001,41.5
749,40.421260000000004,47.13379999999998,38.12347000000001,41.5
750,41.666650000000004,46.87356999999998,37.746890000000015,41.5
751,42.29914,46.539769999999976,38.81675000000001,41.5
752,41.58832999999999,46.965539999999976,36.77430000000001,41.5
753,40.662330000000004,46.857599999999984,36.77430000000001,41.5
754,43.336949999999995,46.22445999999998,37.67464000000001,41.5
755,43.00632999999999,45.11593999999998,37.91018000000002,41.5
756,42.80674,45.17874999999999,37.67082000000001,41.5
757,42.85312,46.133929999999985,36.25876000000001,41.5
758,40.93473,45.20792999999998,36.01719000000001,41.5
759,42.014480000000006,45.78946999999999,37.27839000000001,41.5
760,39.97007000000001,46.93366999999999,37.405100000000004,41.5
761,38.98269000000001,45.889289999999995,37.062540000000006,41.5
762,39.16837000000001,45.763760000000005,32.975880000000004,41.5
763,39.25696000000001,44.941449999999996,33.06447,41.5
764,37.41689000000001,43.8617,33.313680000000005,41.5
765,36.75316000000001,43.50840999999999,33.146310000000014,41.5
766,40.80200000000001,44.41123999999999,32.76437,41.5
767,43.957550000000005,44.41123999999999,32.642790000000005,41.5
768,43.43248000000001,44.41123999999999,32.55657,41.5
769,43.83216000000001,44.41123999999999,32.95625,41.5
770,43.73785000000001,44.06510999999999,32.61012,41.5
771,42.183980000000005,43.73539999999999,31.385,41.5
772,42.514450000000004,47.37663,31.385,41.5
773,44.35511000000002,47.37663,31.57341,41.5
774,44.78233000000001,47.04671,31.321840000000005,41.5
775,42.84917000000001,46.838269999999994,30.720250000000007,41.5
776,42.89665000000001,46.50845,30.767730000000007,41.5
777,42.53078000000001,46.4484,30.295640000000006,41.5
778,43.39460000000001,46.120020000000004,30.119300000000006,41.5
779,43.022450000000006,46.059920000000005,29.838380000000008,41.5
780,41.89616000000001,46.28276000000001,29.38912000000001,41.5
781,42.16363,46.87760000000001,30.192200000000007,41.5
782,42.72812,47.39115000000001,29.39535000000001,41.5
783,41.96042,46.00835000000001,28.680540000000008,41.5
784,42.41320999999999,43.602750000000015,30.289460000000002,41.5
785,43.442539999999994,43.61960000000001,31.318790000000003,41.5
786,42.78787,43.74151000000001,32.37874,41.5
787,42.479659999999996,43.681720000000006,32.070530000000005,41.5
788,42.60245,43.48179000000001,33.64549,41.5
789,43.10504000000001,43.66552000000001,34.77487000000001,41.5
790,43.186110000000006,43.84161000000001,33.91494000000001,41.5
791,43.37488000000001,44.180780000000006,38.24189000000002,41.5
792,41.59641000000002,43.65169000000001,38.84533000000003,41.25
793,41.47362000000002,43.42059000000001,34.69618000000001,41.25
794,42.28247000000002,43.27540000000002,35.727440000000016,41.25
795,41.851590000000016,42.96868000000001,35.50360000000001,41.25
796,42.83934000000002,43.66043000000001,36.21690000000002,41.25
797,43.14220000000001,43.66043000000001,36.18519000000002,41.25
798,43.15576000000001,43.76235000000001,36.63115000000002,41.25
799,42.82168000000001,44.092470000000006,40.789300000000026,41.25
800,41.919360000000005,44.092470000000006,42.24292000000002,41.25
801,42.833380000000005,45.56556000000001,42.57309000000002,41.25
802,42.46459000000001,44.90572000000001,42.02412000000002,41.25
803,41.32042000000001,44.57570000000001,41.77797000000002,41.25
804,40.00873000000001,44.57570000000001,41.42380000000002,41.25
805,44.10988000000001,44.246310000000015,41.334990000000026,41.25
806,42.749510000000015,44.246310000000015,41.72106000000002,41.25
807,42.750700000000016,43.916790000000006,41.39154000000002,41.25
808,41.66942000000002,45.84132000000001,41.291290000000025,41.25
809,40.35982000000002,45.60631000000001,39.34739000000001,41.25
810,40.08183000000002,46.20351000000001,39.06940000000001,41.25
811,41.31388000000002,45.30358000000001,39.957080000000026,41.25
812,38.67063,44.70659000000001,38.597390000000004,41.25
813,39.214290000000005,43.84378000000001,38.86140000000001,41.25
814,37.88352000000001,44.53419,37.80725000000001,41.25
815,37.93650000000001,49.15106000000001,37.80725000000001,41.25
816,39.876320000000014,49.71900000000001,37.730320000000006,41.25
817,39.98411,45.94541,39.80741000000001,41.25
818,40.094390000000004,45.925810000000006,40.822530000000015,41.25
819,40.40591000000001,43.26596000000001,39.991130000000005,41.25
820,38.63639,42.42150000000001,42.97206000000001,41.25
821,38.9893,42.36441,43.57019000000001,41.25
822,39.432030000000005,42.408759999999994,41.62707000000002,41.25
823,41.56271000000001,43.07014999999999,45.53823000000001,41.25
824,40.538160000000005,43.322669999999995,44.13745000000001,41.25
825,41.23205,44.336330000000004,44.831340000000004,41.25
826,41.65925000000001,41.38514,43.516950000000016,41.25
827,41.65116000000001,40.71611999999999,41.59610000000002,41.25
828,41.34550000000001,40.24430999999999,41.29044000000002,41.25
829,40.56603000000002,39.86030999999999,40.67282000000002,41.25
830,40.56603000000002,39.42186999999999,40.67282000000002,41.25
831,39.90298000000002,39.420799999999986,40.24562000000002,41.25
832,39.65345000000002,39.48754999999999,41.75810000000002,41.25
833,37.49212,39.55794999999999,40.47535000000003,41.25
834,36.681129999999996,39.49595999999999,40.17942000000002,41.25
835,37.18556999999999,39.62657999999999,40.513020000000026,41.25
836,41.83562000000001,39.58542999999999,42.158870000000014,41.25
837,41.24751000000001,39.458719999999985,43.02920000000002,41.25
838,42.04683,39.20957999999999,43.82852000000002,41.25
839,41.81264000000001,38.221279999999986,43.78090000000002,41.25
840,42.75826,38.37009999999999,44.201830000000015,41.25
841,41.23586000000001,38.81386999999998,43.61593000000001,41.25
842,41.61327000000001,39.616919999999986,43.550660000000015,41.25
843,42.349630000000005,41.98141999999998,44.18216000000002,41.25
844,43.04801000000001,42.03293999999998,45.204000000000015,41.25
845,42.20591,38.27828999999998,40.71285000000001,41.25
846,40.62620999999999,38.41631999999998,39.2049,41.25
847,40.752109999999995,38.66968999999998,38.53906,41.25
848,40.02599,38.26134999999999,38.2569,41.25
849,39.331489999999995,38.66865999999999,37.06674,41.25
850,38.806799999999996,39.14363999999999,37.06674,41.25
851,39.17792,38.8161,38.67082,41.25
852,39.15118,34.77736999999998,38.644079999999995,37.5
853,38.82886,34.591069999999995,38.2226,37.5
854,39.14650999999999,33.88891999999999,35.01940999999999,37.5
855,39.02556,34.82745999999999,34.03721000000001,37.5
856,39.05487000000001,34.92575999999999,37.644780000000004,37.5
857,37.288419999999995,34.92575999999999,35.87833000000001,37.5
858,39.82262,34.97534999999999,35.69729000000001,37.5
859,36.221740000000004,34.61584,34.41477000000001,37.5
860,36.03608000000002,34.61584,34.22911000000001,37.5
861,36.96249,36.708169999999996,34.00107000000001,37.5
862,37.20329000000001,36.708169999999996,33.37154,37.5
863,36.87790000000001,37.17809,33.54153000000001,37.5
864,36.738200000000006,37.03838999999999,33.401830000000004,37.5
865,38.20434000000001,37.03838999999999,32.97404,37.5
866,38.20434000000001,37.03838999999999,32.97404,37.5
867,38.62053000000002,38.66511,33.829980000000006,37.5
868,38.49388000000001,37.41521999999999,30.084189999999996,37.5
869,38.88823000000001,37.71548,30.47854,37.5
870,38.89203000000001,34.164489999999994,30.81290999999999,37.5
871,38.43077000000001,34.111639999999994,30.057379999999995,37.5
872,38.18543000000001,34.061519999999994,30.156529999999997,37.5
873,38.60172000000001,33.76933,30.572819999999997,37.5
874,38.60172000000001,33.63905,30.572819999999997,37.5
875,38.86766000000001,35.450669999999995,30.838759999999994,37.5
876,38.35531,34.56277999999999,30.620679999999997,37.5
877,35.07410000000001,34.86424999999999,26.23404,37.5
878,34.78011,35.3022,26.91825,37.5
879,32.47783,33.037029999999994,25.47722,37.5
880,32.137950000000004,32.63697999999999,25.137340000000002,37.5
881,31.23538,31.642969999999995,25.137340000000002,37.5
882,30.641429999999996,29.643939999999997,25.44141,37.5
883,34.482870000000005,29.28742,26.913600000000002,37.5
884,32.46598000000001,29.615140000000004,25.735730000000004,37.5
885,32.27478,29.638370000000005,25.254900000000003,37.5
886,32.3808,29.307220000000004,25.360919999999997,37.5
887,32.46848000000001,29.969300000000008,25.34944,37.5
888,31.941930000000003,29.628970000000006,24.482560000000003,37.5
889,31.861110000000004,29.868150000000004,24.40174,37.5
890,31.33039,29.890290000000004,23.61776,37.5
891,31.33039,29.818000000000005,23.61776,37.5
892,31.002270000000003,28.77653,23.289640000000002,37.5
893,31.794920000000005,28.77653,23.57195,37.5
894,31.464020000000005,28.593400000000003,23.241049999999998,37.5
895,29.532719999999998,27.287869999999995,22.04987,37.5
896,31.83295,27.25739999999999,24.350099999999998,37.5
897,31.397029999999994,27.266949999999994,24.24407,37.5
898,31.076049999999995,28.518199999999997,23.43628,37.5
899,30.41402,28.410379999999996,23.075230000000005,37.5
900,29.148960000000002,27.576909999999994,22.953090000000003,37.5
901,28.827780000000008,27.675379999999993,22.631910000000005,37.5
902,29.046300000000006,27.498409999999996,22.850430000000003,37.5
903,28.748270000000005,28.505259999999993,23.04806,37.5
904,29.436100000000007,28.335649999999994,23.735890000000005,37.5
905,34.65533,28.224419999999995,25.218660000000003,37.5
906,36.07452000000001,27.616279999999996,26.637850000000004,37.5
907,37.280080000000005,28.222389999999997,27.84341,37.5
908,38.15264,28.229069999999997,28.14427,37.5
909,40.496860000000005,28.229069999999997,26.700870000000002,37.5
910,38.65715,28.68932,26.143909999999998,37.5
911,37.569849999999995,28.18096,21.26899,37.5
912,37.23385,26.53916,20.932989999999997,35.25
913,36.87714,26.53916,20.57628,35.25
914,36.750159999999994,26.86966,20.4493,35.25
915,36.28235999999999,25.914530000000003,19.598069999999996,35.25
916,37.17604,25.739600000000003,20.49175,35.25
917,37.09494,24.905819999999995,20.41065,35.25
918,37.21159,24.905819999999995,20.5273,35.25
919,34.46361,25.301479999999994,20.14857,35.25
920,34.29252,25.737959999999994,19.97748,35.25
921,32.726850000000006,25.737959999999994,19.65337,35.25
922,31.572240000000004,26.112119999999994,18.49876,35.25
923,31.088040000000003,26.112119999999994,18.014559999999996,35.25
924,32.578900000000004,26.3329,19.505419999999997,35.25
925,30.71038,26.3329,18.459370000000003,35.25
926,30.71038,25.3093,17.435769999999998,35.25
927,29.60179,24.899559999999997,16.327180000000002,35.25
928,29.83027,24.115719999999996,16.55566,35.25
929,29.83027,24.76925,16.55566,35.25
930,29.38356,24.66774,16.108949999999997,35.25
931,28.945130000000002,24.702489999999994,15.670519999999994,35.25
932,27.99,24.799979999999994,15.670519999999994,35.25
933,28.09939,24.736889999999995,15.779909999999997,35.25
934,28.811349999999997,24.341229999999996,16.49187,35.25
935,28.811349999999997,23.469019999999997,16.49187,35.25
936,28.811349999999997,23.37046,16.49187,35.25
937,29.680649999999996,23.94745,17.361169999999998,35.25
938,30.26496,24.172639999999998,17.945479999999996,35.25
939,29.932539999999996,23.842599999999997,17.613059999999997,35.25
940,29.23959,23.41877,17.94371,35.25
941,30.70275,23.200689999999994,19.406869999999994,35.25
942,31.939280000000004,23.859169999999995,20.643399999999996,35.25
943,31.565180000000005,24.116189999999996,20.269299999999994,35.25
944,31.23739,24.632899999999996,19.941509999999994,35.25
945,32.0915,24.302879999999995,20.795619999999996,35.25
946,32.89978000000001,24.803549999999987,21.6039,35.25
947,32.233869999999996,25.12638999999999,21.22761999999999,35.25
948,30.78054,24.980989999999988,21.22761999999999,35.25
949,31.892589999999995,24.994609999999987,22.339669999999995,35.25
950,32.22287,23.977439999999987,22.669949999999993,35.25
951,33.7091,23.84899999999999,24.261039999999994,35.25
952,33.825379999999996,23.46862999999999,24.476479999999995,35.25
953,31.638199999999998,23.118979999999993,23.443749999999998,35.25
954,31.238859999999995,23.600559999999994,23.044409999999996,35.25
955,32.291,23.494159999999997,23.62353,35.25
956,31.53493,23.494159999999997,22.867459999999998,35.25
957,32.158269999999995,23.494159999999997,23.820839999999997,35.25
958,33.28971,24.287679999999995,24.622769999999996,35.25
959,28.581809999999997,24.287679999999995,23.651329999999998,35.25
960,26.87975,24.287679999999995,21.94927,35.25
961,26.39375,24.287679999999995,21.463269999999994,35.25
962,25.48013,26.08395999999999,20.549649999999993,35.25
963,23.766929999999995,26.08395999999999,18.836449999999992,35.25
964,20.28582,26.08395999999999,19.142959999999995,35.25
965,20.28582,26.471699999999995,19.142959999999995,35.25
966,20.66101,26.471699999999995,19.518149999999995,35.25
967,20.77258,26.971959999999996,19.62972,35.25
968,19.30044,27.328989999999997,18.15758,35.25
969,18.79833,27.243269999999995,17.655469999999998,35.25
970,18.79833,23.80942,17.655469999999998,35.25
971,19.2874,23.720290000000002,18.144539999999996,35.25
972,17.7948,18.38531,16.65194,30.0
973,18.09648,19.61408,16.953619999999994,30.0
974,18.62811,19.44569,17.78988,30.0
975,18.480469999999997,19.143079999999998,17.642239999999994,30.0
976,16.943479999999997,17.954049999999995,16.105249999999998,30.0
977,17.027929999999994,17.073719999999998,16.1897,30.0
978,16.977579999999996,17.26323,16.13935,30.0
979,17.155199999999997,16.59987,16.316969999999998,30.0
980,16.895259999999997,16.122709999999998,16.057029999999997,30.0
981,17.14378,16.670849999999998,16.305549999999997,30.0
982,15.884879999999997,16.799340000000004,14.716959999999997,30.0
983,15.884879999999997,16.61597,14.716959999999997,30.0
984,15.497389999999998,17.115069999999996,14.329469999999997,30.0
985,15.127929999999997,16.3678,13.960009999999997,30.0
986,15.357489999999997,15.857330000000001,14.189569999999996,30.0
987,15.017159999999997,16.363850000000003,14.189569999999996,30.0
988,15.017159999999997,16.395100000000003,14.189569999999996,30.0
989,15.017159999999997,16.4003,14.189569999999996,30.0
990,14.675289999999995,16.499390000000002,13.517299999999997,30.0
991,14.629939999999994,16.169500000000003,13.471949999999996,30.0
992,16.978189999999994,15.995220000000002,15.820199999999996,30.0
993,15.979329999999996,16.110450000000004,14.821339999999996,30.0
994,16.211419999999997,16.28433,15.053429999999997,30.0
995,16.211419999999997,16.28433,15.053429999999997,30.0
996,16.211419999999997,16.2668,14.723729999999996,30.0
997,16.043029999999998,16.55892,14.393019999999996,30.0
998,16.043029999999998,16.23216,14.393019999999996,30.0
999,15.360959999999997,16.09337,13.710949999999997,30.0
1000,14.936949999999998,15.93106,13.28694,30.0
1001,15.234429999999996,16.075590000000002,13.584419999999996,30.0
1002,15.234429999999996,16.24551,13.584419999999996,30.0
1003,15.234429999999996,15.915819999999998,13.25473,30.0
1004,15.285839999999997,15.821519999999998,13.306139999999996,30.0
1005,15.285839999999997,15.603419999999998,13.306139999999996,30.0
1006,15.285839999999997,15.39519,13.306139999999996,30.0
1007,13.883539999999996,15.08479,11.903839999999995,30.0
1008,13.408789999999998,15.107959999999999,11.758599999999994,30.0
1009,13.408789999999998,15.107959999999999,11.758599999999994,30.0
1010,13.408789999999998,15.107959999999999,11.758599999999994,30.0
1011,13.408789999999998,15.107959999999999,11.758599999999994,30.0
1012,13.931069999999997,15.107959999999999,12.280879999999994,30.0
1013,13.988989999999996,15.107959999999999,12.338799999999994,30.0
1014,13.651169999999995,16.221809999999998,12.000979999999995,30.0
1015,14.110579999999995,16.52349,12.460389999999993,30.0
1016,14.110579999999995,16.19322,12.130119999999993,30.0
1017,14.632029999999997,16.75554,12.651569999999994,30.0
1018,14.343619999999996,16.84638,12.284759999999995,30.0
1019,12.397249999999994,15.7107,10.338389999999997,30.0
1020,11.342869999999998,14.684069999999997,9.943399999999999,30.0
1021,11.342869999999998,13.339599999999995,9.943399999999999,30.0
1022,11.342869999999998,13.456349999999997,9.943399999999999,30.0
1023,11.566899999999999,14.116039999999996,10.167429999999996,30.0
1024,11.295579999999998,13.751349999999999,9.896109999999998,30.0
1025,11.295579999999998,13.442849999999996,9.896109999999998,30.0
1026,11.295579999999998,13.712009999999996,9.896109999999998,30.0
1027,11.295579999999998,12.677259999999997,9.896109999999998,30.0
1028,10.505769999999997,14.211649999999995,9.436699999999998,30.0
1029,10.281739999999996,14.51875,9.212669999999997,30.0
1030,9.238009999999997,13.47973,8.168940000000001,30.0
1031,9.597529999999997,13.259739999999997,8.528459999999997,30.0
1032,10.764999999999995,11.08204,9.695929999999997,28.25
1033,9.890199999999995,10.991389999999997,8.821129999999997,28.25
1034,9.560169999999996,10.963259999999998,8.4911,28.25
1035,9.560169999999996,11.170089999999998,8.4911,28.25
1036,10.779199999999996,11.467569999999998,9.710129999999996,28.25
1037,9.923319999999997,11.467569999999998,8.854249999999999,28.25
1038,9.923319999999997,11.202649999999998,8.3341,28.25
1039,9.923319999999997,11.908449999999998,8.3341,28.25
1040,9.496669999999996,12.019239999999998,7.90745,28.25
1041,9.973199999999995,11.569259999999998,8.383979999999998,28.25
1042,9.653299999999998,11.27178,8.06408,28.25
1043,9.653299999999998,11.016549999999999,8.06408,28.25
1044,9.653299999999998,10.248869999999998,8.06408,28.25
1045,9.653299999999998,9.96046,8.06408,28.25
1046,9.438269999999997,9.96046,7.84905,28.25
1047,8.270799999999998,9.96046,6.681580000000001,28.25
1048,8.270799999999998,9.96046,6.681580000000001,28.25
1049,8.270799999999998,9.96046,6.681580000000001,28.25
1050,8.270799999999998,10.4235,6.681580000000001,28.25
1051,8.270799999999998,12.050379999999999,6.681580000000001,28.25
1052,8.270799999999998,12.62948,6.681580000000001,28.25
1053,8.270799999999998,12.448990000000002,6.35189,28.25
1054,8.270799999999998,14.084670000000001,6.35189,28.25
1055,8.270799999999998,12.674570000000001,6.35189,28.25
1056,8.270799999999998,12.3718,6.35189,28.25
1057,8.080219999999999,12.09547,6.35189,28.25
1058,8.080219999999999,11.90726,6.35189,28.25
1059,8.080219999999999,11.60075,6.35189,28.25
1060,8.080219999999999,11.465440000000001,6.35189,28.25
1061,8.080219999999999,11.13717,6.35189,28.25
1062,8.080219999999999,10.28516,6.35189,28.25
1063,8.080219999999999,9.63439,6.35189,28.25
1064,8.080219999999999,9.550709999999999,6.35189,28.25
1065,8.080219999999999,9.584010000000001,6.35189,28.25
1066,8.080219999999999,8.84319,6.35189,28.25
1067,7.7505299999999995,7.951839999999998,6.35189,28.25
1068,7.7505299999999995,7.480219999999998,6.35189,28.25
1069,7.7505299999999995,7.256189999999998,6.35189,28.25
1070,7.7505299999999995,6.829539999999999,6.35189,28.25
1071,7.7505299999999995,6.5657499999999995,6.35189,28.25
1072,7.7505299999999995,6.350719999999999,6.35189,28.25
1073,7.7505299999999995,6.350719999999999,6.35189,28.25
1074,7.7505299999999995,6.350719999999999,6.35189,28.25
1075,7.7505299999999995,6.350719999999999,6.35189,28.25
1076,7.7505299999999995,6.350719999999999,6.35189,28.25
1077,8.126399999999999,6.726589999999999,6.727760000000001,28.25
1078,8.126399999999999,6.726589999999999,6.727760000000001,28.25
1079,8.126399999999999,6.726589999999999,6.727760000000001,28.25
1080,7.79569,7.624299999999999,6.727760000000001,28.25
1081,7.463749999999999,7.549810000000001,6.3958200000000005,28.25
1082,7.463749999999999,7.549810000000001,6.3958200000000005,28.25
1083,7.463749999999999,7.549810000000001,6.3958200000000005,28.25
1084,7.08788,6.839370000000001,5.68538,28.25
1085,7.08788,6.572320000000001,5.68538,28.25
1086,7.08788,6.418190000000001,5.68538,28.25
1087,7.08788,6.418190000000001,5.68538,28.25
1088,7.08788,6.418190000000001,5.68538,28.25
1089,6.75761,6.418190000000001,5.68538,28.25
1090,6.75761,6.418190000000001,5.68538,28.25
1091,6.75761,6.418190000000001,5.68538,28.25
1092,6.75761,6.418190000000001,5.68538,28.0
1093,6.75761,6.418190000000001,5.68538,28.0
1094,6.75761,6.418190000000001,5.68538,28.0
1095,6.75761,6.418190000000001,5.68538,28.0
1096,6.427920000000001,6.418190000000001,5.68538,28.0
1097,6.427920000000001,6.418190000000001,5.68538,28.0
1098,6.427920000000001,6.418190000000001,5.68538,28.0
1099,6.427920000000001,6.418190000000001,5.68538,28.0
1100,6.427920000000001,6.418190000000001,5.68538,28.0
1101,6.427920000000001,6.418190000000001,5.68538,28.0
1102,6.427920000000001,6.418190000000001,5.68538,28.0
1103,5.6939400000000004,6.418190000000001,4.9514000000000005,28.0
1104,5.6939400000000004,6.087859999999999,4.6210700000000005,28.0
1105,5.6939400000000004,6.087859999999999,4.6210700000000005,28.0
1106,5.6939400000000004,6.087859999999999,4.6210700000000005,28.0
1107,5.6939400000000004,6.087859999999999,4.6210700000000005,28.0
1108,5.6939400000000004,6.087859999999999,4.6210700000000005,28.0
1109,5.6939400000000004,6.087859999999999,4.6210700000000005,28.0
1110,5.6939400000000004,6.087859999999999,4.6210700000000005,28.0
1111,5.6939400000000004,6.087859999999999,4.6210700000000005,28.0
1112,5.36373,5.75765,4.29086,28.0
1113,5.034160000000001,5.02484,4.29086,28.0
1114,4.955760000000001,5.02484,4.29086,28.0
1115,4.955760000000001,5.02484,4.29086,28.0
1116,4.955760000000001,5.02484,4.29086,28.0
1117,4.955760000000001,5.02484,4.29086,28.0
1118,4.955760000000001,5.02484,4.29086,28.0
1119,4.955760000000001,5.02484,4.29086,28.0
1120,4.955760000000001,5.02484,4.29086,28.0
1121,4.955760000000001,5.02484,4.29086,28.0
1122,4.955760000000001,5.02484,4.29086,28.0
1123,4.955760000000001,5.02484,4.29086,28.0
1124,4.955760000000001,5.02484,4.29086,28.0
1125,4.955760000000001,5.02484,4.29086,28.0
1126,4.955760000000001,5.02484,4.29086,28.0
1127,4.955760000000001,5.02484,4.29086,28.0
1128,4.955760000000001,4.6949,3.9609200000000007,28.0
1129,4.955760000000001,4.6949,3.9609200000000007,28.0
1130,4.955760000000001,4.6949,3.9609200000000007,28.0
1131,4.955760000000001,4.6949,3.9609200000000007,28.0
1132,4.625640000000001,4.3647800000000005,3.6308,28.0
1133,4.625640000000001,4.3647800000000005,3.6308,28.0
1134,4.625640000000001,4.3647800000000005,3.6308,28.0
1135,4.625640000000001,4.3647800000000005,3.6308,28.0
1136,4.625640000000001,4.3647800000000005,3.6308,28.0
1137,4.625640000000001,4.3647800000000005,3.6308,28.0
1138,4.625640000000001,4.3647800000000005,3.6308,28.0
1139,4.29107,4.3647800000000005,3.6308,28.0
1140,4.29107,4.3647800000000005,3.6308,28.0
1141,4.29107,4.3647800000000005,3.6308,28.0
1142,4.29107,4.3647800000000005,3.6308,28.0
1143,4.29107,4.3647800000000005,3.6308,28.0
1144,4.29107,4.3647800000000005,3.6308,28.0
1145,4.29107,4.3647800000000005,3.6308,28.0
1146,4.29107,4.3647800000000005,3.6308,28.0
1147,3.9614599999999998,4.03517,3.30119,28.0
1148,3.9614599999999998,3.3011899999999996,3.30119,28.0
1149,3.9614599999999998,3.3011899999999996,3.30119,28.0
1150,3.9614599999999998,3.3011899999999996,3.30119,28.0
1151,3.9614599999999998,3.3011899999999996,3.30119,28.0
1152,3.9614599999999998,3.3011899999999996,3.30119,8.0
1153,3.9614599999999998,3.3011899999999996,3.30119,8.0
1154,3.9614599999999998,3.3011899999999996,3.30119,8.0
1155,3.63173,2.97146,2.9714599999999995,8.0
1156,3.3014,2.97146,2.9714599999999995,8.0
1157,3.3014,2.97146,2.9714599999999995,8.0
1158,3.3014,2.97146,2.9714599999999995,8.0
1159,3.3014,2.97146,2.9714599999999995,8.0
1160,3.3014,2.97146,2.9714599999999995,8.0
1161,3.3014,2.97146,2.9714599999999995,8.0
1162,3.3014,2.97146,2.9714599999999995,8.0
1163,3.3014,2.97146,2.9714599999999995,8.0
1164,3.3014,2.97146,2.9714599999999995,8.0
1165,3.3014,2.97146,2.9714599999999995,8.0
1166,3.3014,2.97146,2.9714599999999995,8.0
1167,3.3014,2.97146,2.9714599999999995,8.0
1168,3.3014,2.97146,2.9714599999999995,8.0
1169,3.3014,2.97146,2.9714599999999995,8.0
1170,3.3014,2.97146,2.9714599999999995,8.0
1171,3.3014,2.97146,2.9714599999999995,8.0
1172,3.3014,2.97146,2.9714599999999995,8.0
1173,3.3014,2.97146,2.9714599999999995,8.0
1174,3.3014,2.97146,2.9714599999999995,8.0
1175,3.3014,2.97146,2.9714599999999995,8.0
1176,3.3014,2.97146,2.9714599999999995,8.0
1177,3.3014,2.97146,2.9714599999999995,8.0
1178,3.3014,2.97146,2.9714599999999995,8.0
1179,3.3014,2.97146,2.9714599999999995,8.0
1180,3.3014,2.97146,2.9714599999999995,8.0
1181,3.3014,2.97146,2.9714599999999995,8.0
1182,3.3014,2.97146,2.9714599999999995,8.0
1183,3.3014,2.97146,2.9714599999999995,8.0
1184,3.3014,2.97146,2.9714599999999995,8.0
1185,3.3014,2.97146,2.9714599999999995,8.0
1186,3.3014,2.97146,2.9714599999999995,8.0
1187,2.97112,2.64118,2.64118,8.0
1188,2.97112,2.64118,2.64118,8.0
1189,2.97112,2.64118,2.64118,8.0
1190,2.97112,2.64118,2.64118,8.0
1191,2.97112,2.31078,2.3107800000000003,8.0
1192,2.97112,1.98031,1.98031,8.0
1193,2.97112,1.98031,1.98031,8.0
1194,2.97112,1.98031,1.98031,8.0
1195,2.97112,1.98031,1.98031,8.0
1196,2.97112,1.98031,1.98031,8.0
1197,2.97112,1.98031,1.98031,8.0
1198,2.97112,1.98031,1.98031,8.0
1199,2.64073,1.64992,1.64992,8.0
1200,2.64073,1.64992,1.64992,8.0
1201,2.3108400000000002,1.32003,1.32003,8.0
1202,2.3108400000000002,1.32003,1.32003,8.0
1203,1.9808999999999999,1.32003,1.32003,8.0
1204,1.9808999999999999,1.32003,1.32003,8.0
1205,1.9808999999999999,1.32003,1.32003,8.0
1206,1.9808999999999999,1.32003,1.32003,8.0
1207,1.9808999999999999,1.32003,1.32003,8.0
1208,1.9808999999999999,1.32003,1.32003,8.0
1209,1.9808999999999999,1.32003,1.32003,8.0
1210,1.9808999999999999,1.32003,1.32003,8.0
1211,1.9808999999999999,1.32003,1.32003,8.0
1212,1.9808999999999999,1.32003,1.32003,0.5
1213,1.9808999999999999,1.32003,1.32003,0.5
1214,1.9808999999999999,1.32003,1.32003,0.5
1215,1.9808999999999999,1.32003,1.32003,0.5
1216,1.9808999999999999,1.32003,1.32003,0.5
1217,1.9808999999999999,1.32003,1.32003,0.5
1218,1.9808999999999999,1.32003,1.32003,0.5
1219,1.9808999999999999,1.32003,1.32003,0.5
1220,1.9808999999999999,1.32003,1.32003,0.5
1221,1.9808999999999999,1.32003,1.32003,0.5
1222,1.9808999999999999,1.32003,1.32003,0.5
1223,1.9808999999999999,1.32003,1.32003,0.5
1224,1.9808999999999999,1.32003,1.32003,0.5
1225,1.9808999999999999,1.32003,1.32003,0.5
1226,1.9808999999999999,1.32003,1.32003,0.5
1227,1.9808999999999999,1.32003,1.32003,0.5
1228,1.9808999999999999,1.32003,1.32003,0.5
1229,1.6507299999999998,0.9898599999999999,0.9898599999999999,0.5
1230,1.6507299999999998,0.9898599999999999,0.9898599999999999,0.5
1231,1.6507299999999998,0.9898599999999999,0.9898599999999999,0.5
1232,1.6507299999999998,0.9898599999999999,0.9898599999999999,0.5
1233,1.6507299999999998,0.9898599999999999,0.9898599999999999,0.5
1234,1.6507299999999998,0.9898599999999999,0.9898599999999999,0.5
1235,1.6507299999999998,0.9898599999999999,0.9898599999999999,0.5
1236,1.6507299999999998,0.9898599999999999,0.9898599999999999,0.5
1237,1.6507299999999998,0.9898599999999999,0.9898599999999999,0.5
1238,1.6507299999999998,0.9898599999999999,0.9898599999999999,0.5
1239,1.6507299999999998,0.9898599999999999,0.9898599999999999,0.5
1240,1.6507299999999998,0.9898599999999999,0.9898599999999999,0.5
1241,1.6507299999999998,0.9898599999999999,0.9898599999999999,0.5
1242,1.6507299999999998,0.9898599999999999,0.9898599999999999,0.5
1243,1.6507299999999998,0.9898599999999999,0.9898599999999999,0.5
1244,1.6507299999999998,0.9898599999999999,0.9898599999999999,0.5
1245,1.3202599999999998,0.9898599999999999,0.9898599999999999,0.5
1246,1.3202599999999998,0.9898599999999999,0.9898599999999999,0.5
1247,1.3202599999999998,0.9898599999999999,0.9898599999999999,0.5
1248,1.3202599999999998,0.9898599999999999,0.9898599999999999,0.5
1249,1.3202599999999998,0.9898599999999999,0.9898599999999999,0.5
1250,1.3202599999999998,0.9898599999999999,0.9898599999999999,0.5
1251,1.3202599999999998,0.9898599999999999,0.9898599999999999,0.5
1252,1.3202599999999998,0.9898599999999999,0.9898599999999999,0.5
1253,1.3202599999999998,0.9898599999999999,0.9898599999999999,0.5
1254,1.3202599999999998,0.9898599999999999,0.9898599999999999,0.5
1255,1.3202599999999998,0.9898599999999999,0.9898599999999999,0.5
1256,1.3202599999999998,0.9898599999999999,0.9898599999999999,0.5
1257,1.3202599999999998,0.9898599999999999,0.9898599999999999,0.5
1258,1.3202599999999998,0.9898599999999999,0.9898599999999999,0.5
1259,1.3202599999999998,0.9898599999999999,0.9898599999999999,0.5
1260,1.3202599999999998,0.9898599999999999,0.9898599999999999,0.5
1261,1.3202599999999998,0.9898599999999999,0.9898599999999999,0.5
1262,0.9898599999999999,0.9898599999999999,0.9898599999999999,0.5
1263,0.9898599999999999,0.9898599999999999,0.9898599999999999,0.5
1264,0.9898599999999999,0.9898599999999999,0.9898599999999999,0.5
1265,0.9898599999999999,0.9898599999999999,0.9898599999999999,0.5
1266,0.9898599999999999,0.9898599999999999,0.9898599999999999,0.5
1267,0.9898599999999999,0.9898599999999999,0.9898599999999999,0.5
1268,0.9898599999999999,0.9898599999999999,0.9898599999999999,0.5
1269,0.9898599999999999,0.9898599999999999,0.9898599999999999,0.5
1270,0.9898599999999999,0.9898599999999999,0.9898599999999999,0.5
1271,0.9898599999999999,0.9898599999999999,0.9898599999999999,0.5
1272,0.9898599999999999,0.9898599999999999,0.9898599999999999,-0.25
1273,0.9898599999999999,0.9898599999999999,0.9898599999999999,-0.25
1274,0.9898599999999999,0.6600799999999999,0.6600799999999999,-0.25
1275,0.9898599999999999,0.6600799999999999,0.6600799999999999,-0.25
1276,0.9898599999999999,0.6600799999999999,0.6600799999999999,-0.25
1277,0.9898599999999999,0.6600799999999999,0.6600799999999999,-0.25
1278,0.9898599999999999,0.6600799999999999,0.6600799999999999,-0.25
1279,0.9898599999999999,0.6600799999999999,0.6600799999999999,-0.25
1280,0.9898599999999999,0.6600799999999999,0.6600799999999999,-0.25
1281,0.9898599999999999,0.6600799999999999,0.6600799999999999,-0.25
1282,0.9898599999999999,0.6600799999999999,0.6600799999999999,-0.25
1283,0.9898599999999999,0.6600799999999999,0.6600799999999999,-0.25
1284,0.9898599999999999,0.6600799999999999,0.6600799999999999,-0.25
1285,0.9898599999999999,0.6600799999999999,0.6600799999999999,-0.25
1286,0.9898599999999999,0.6600799999999999,0.6600799999999999,-0.25
1287,0.9898599999999999,0.6600799999999999,0.6600799999999999,-0.25
1288,0.9898599999999999,0.6600799999999999,0.6600799999999999,-0.25
1289,0.9898599999999999,0.6600799999999999,0.6600799999999999,-0.25
1290,0.9898599999999999,0.6600799999999999,0.6600799999999999,-0.25
1291,0.9898599999999999,0.6600799999999999,0.6600799999999999,-0.25
1292,0.9898599999999999,0.6600799999999999,0.6600799999999999,-0.25
1293,0.9898599999999999,0.6600799999999999,0.6600799999999999,-0.25
1294,0.9898599999999999,0.6600799999999999,0.6600799999999999,-0.25
1295,0.9898599999999999,0.6600799999999999,0.6600799999999999,-0.25
1296,0.9898599999999999,0.6600799999999999,0.6600799999999999,-0.25
1297,0.9898599999999999,0.6600799999999999,0.6600799999999999,-0.25
1298,0.9898599999999999,0.6600799999999999,0.6600799999999999,-0.25
1299,0.9898599999999999,0.6600799999999999,0.6600799999999999,-0.25
1300,0.9898599999999999,0.6600799999999999,0.6600799999999999,-0.25
1301,0.9898599999999999,0.6600799999999999,0.6600799999999999,-0.25
1302,0.9898599999999999,0.6600799999999999,0.6600799999999999,-0.25
1303,0.9898599999999999,0.6600799999999999,0.6600799999999999,-0.25
1304,0.9898599999999999,0.6600799999999999,0.6600799999999999,-0.25
1305,0.6600799999999999,0.6600799999999999,0.6600799999999999,-0.25
1306,0.6600799999999999,0.6600799999999999,0.6600799999999999,-0.25
1307,0.6600799999999999,0.6600799999999999,0.6600799999999999,-0.25
1308,0.6600799999999999,0.6600799999999999,0.6600799999999999,-0.25
1309,0.6600799999999999,0.6600799999999999,0.6600799999999999,-0.25
1310,0.6600799999999999,0.6600799999999999,0.6600799999999999,-0.25
1311,0.6600799999999999,0.6600799999999999,0.6600799999999999,-0.25
1312,0.6600799999999999,0.6600799999999999,0.6600799999999999,-0.25
1313,0.6600799999999999,0.6600799999999999,0.6600799999999999,-0.25
1314,0.6600799999999999,0.6600799999999999,0.6600799999999999,-0.25
1315,0.6600799999999999,0.6600799999999999,0.6600799999999999,-0.25
1316,0.6600799999999999,0.6600799999999999,0.6600799999999999,-0.25
1317,0.6600799999999999,0.33005,0.33005,-0.25
1318,0.6600799999999999,0.33005,0.33005,-0.25
1319,0.6600799999999999,0.33005,0.33005,-0.25
1320,0.6600799999999999,0.33005,0.33005,-0.25
1321,0.33003,0.0,0.0,-0.25
1322,0.33003,0.0,0.0,-0.25
1323,0.33003,0.0,0.0,-0.25
1324,0.33003,0.0,0.0,-0.25
1325,0.33003,0.0,0.0,-0.25
1326,0.33003,0.0,0.0,-0.25
1327,0.33003,0.0,0.0,-0.25
1328,0.33003,0.0,0.0,-0.25
1329,0.33003,0.0,0.0,-0.25
1330,0.33003,0.0,0.0,-0.25
1331,0.33003,0.0,0.0,-0.25
1332,0.33003,0.0,0.0,0.0
1333,0.33003,0.0,0.0,0.0
1334,0.33003,0.0,0.0,0.0
1335,0.33003,0.0,0.0,0.0
1336,0.33003,0.0,0.0,0.0
1337,0.33003,0.0,0.0,0.0
1338,0.33003,0.0,0.0,0.0
1339,0.33003,0.0,0.0,0.0
1340,0.33003,0.0,0.0,0.0
1341,0.33003,0.0,0.0,0.0
1342,0.33003,0.0,0.0,0.0
1343,0.0,0.0,0.0,0.0
1344,0.0,0.0,0.0,0.0
1345,0.0,0.0,0.0,0.0
1346,0.0,0.0,0.0,0.0
1347,0.0,0.0,0.0,0.0
1348,0.0,0.0,0.0,0.0
1349,0.0,0.0,0.0,0.0
1350,0.0,0.0,0.0,0.0
1351,0.0,0.0,0.0,0.0
1352,0.0,0.0,0.0,0.0
1353,0.0,0.0,0.0,0.0
1354,0.0,0.0,0.0,0.0
1355,0.0,0.0,0.0,0.0
1356,0.0,0.0,0.0,0.0
1357,0.0,0.0,0.0,0.0
1358,0.0,0.0,0.0,0.0
1359,0.0,0.0,0.0,0.0
1360,0.0,0.0,0.0,0.0
1361,0.0,0.0,0.0,0.0
1362,0.0,0.0,0.0,0.0
1363,0.0,0.0,0.0,0.0
1364,0.0,0.0,0.0,0.0
1365,0.0,0.0,0.0,0.0
1366,0.0,0.0,0.0,0.0
1367,0.0,0.0,0.0,0.0
1368,0.0,0.0,0.0,0.0
1369,0.0,0.0,0.0,0.0
1370,0.0,0.0,0.0,0.0
1371,0.0,0.0,0.0,0.0
1372,0.0,0.0,0.0,0.0
1373,0.0,0.0,0.0,0.0
1374,0.0,0.0,0.0,0.0
1375,0.0,0.0,0.0,0.0
1376,0.0,0.0,0.0,0.0
1377,0.0,0.0,0.0,0.0
1378,0.0,0.0,0.0,0.0
1379,0.0,0.0,0.0,0.0
1380,0.0,0.0,0.0,0.0
1381,0.0,0.0,0.0,0.0
1382,0.0,0.0,0.0,0.0
1383,0.0,0.0,0.0,0.0
1384,0.0,0.0,0.0,0.0
1385,0.0,0.0,0.0,0.0
1386,0.0,0.0,0.0,0.0
1387,0.0,0.0,0.0,0.0
1388,0.0,0.0,0.0,0.0
1389,0.0,0.0,0.0,0.0
1390,0.0,0.0,0.0,0.0
1391,0.0,0.0,0.0,0.0
1392,0.0,0.0,0.0,-0.25
1393,0.0,0.0,0.0,-0.25
1394,0.0,0.0,0.0,-0.25
1395,0.0,0.0,0.0,-0.25
1396,0.0,0.0,0.0,-0.25
1397,0.0,0.0,0.0,-0.25
1398,0.0,0.0,0.0,-0.25
1399,0.0,0.0,0.0,-0.25
1400,0.0,0.0,0.0,-0.25
1401,0.0,0.0,0.0,-0.25
1402,0.0,0.0,0.0,-0.25
1403,0.0,0.0,0.0,-0.25
1404,0.0,0.0,0.0,-0.25
1405,0.0,0.0,0.0,-0.25
1406,0.0,0.0,0.0,-0.25
1407,0.0,0.0,0.0,-0.25
1408,0.0,0.0,0.0,-0.25
1409,0.0,0.0,0.0,-0.25
1410,0.0,0.0,0.0,-0.25
1411,0.0,0.0,0.0,-0.25
1412,0.0,0.0,0.0,-0.25
1413,0.0,0.0,0.0,-0.25
1414,0.0,0.0,0.0,-0.25
1415,0.0,0.0,0.0,-0.25
1416,0.0,0.0,0.0,-0.25
1417,0.0,0.0,0.0,-0.25
1418,0.0,0.0,0.0,-0.25
1419,0.0,0.0,0.0,-0.25
1420,0.0,0.0,0.0,-0.25
1421,0.0,0.0,0.0,-0.25
1422,0.0,0.0,0.0,-0.25
1423,0.0,0.0,0.0,-0.25
1424,0.0,0.0,0.0,-0.25
1425,0.0,0.0,0.0,-0.25
1426,0.0,0.0,0.0,-0.25
1427,0.0,0.0,0.0,-0.25
1428,0.0,0.0,0.0,-0.25
1429,0.0,0.0,0.0,-0.25
1430,0.0,0.0,0.0,-0.25
1431,0.0,0.0,0.0,-0.25
1432,0.0,0.0,0.0,-0.25
1433,0.0,0.0,0.0,-0.25
1434,0.0,0.0,0.0,-0.25
1435,0.0,0.0,0.0,-0.25
1436,0.0,0.0,0.0,-0.25
1437,0.0,0.0,0.0,-0.25
1438,0.0,0.0,0.0,-0.25
1439,0.0,0.0,0.0,-0.25
