time step,resource value
0,-1
1,-1
2,-1
3,-1
4,-1
5,-1
6,-1
7,-1
8,-1
9,-1
10,-1
11,-1
12,-1
13,-1
14,-1
15,-1
16,-1
17,-1
18,-1
19,-1
20,-1
21,-1
22,-1
23,-1
24,-1
25,-1
26,-1
27,-1
28,-1
29,-1
30,-1
31,-1
32,-1
33,-1
34,-1
35,-1
36,-1
37,-1
38,-1
39,-1
40,-1
41,-1
42,-1
43,-1
44,-1
45,-1
46,-1
47,-1
48,-1
49,-1
50,-1
51,-1
52,-1
53,-1
54,-1
55,-1
56,-1
57,-1
58,-1
59,-1
60,-1
61,-1
62,-1
63,-1
64,-1
65,-1
66,-1
67,-1
68,-1
69,-1
70,-1
71,-1
72,0
73,0
74,0
75,0
76,0
77,0
78,0
79,0
80,0
81,0
82,0
83,0
84,0
85,0
86,0
87,0
88,0
89,0
90,0
91,0
92,0
93,0
94,0
95,0
96,0
97,0
98,0
99,0
100,0
101,0
102,0
103,0
104,0
105,0
106,0
107,0
108,0
109,0
110,0
111,0
112,0
113,0
114,0
115,0
116,0
117,0
118,0
119,0
120,0
121,0
122,0
123,0
124,0
125,0
126,0
127,0
128,0
129,0
130,0
131,0
132,-1
133,-1
134,-1
135,-1
136,-1
137,-1
138,-1
139,-1
140,-1
141,-1
142,-1
143,-1
144,-1
145,-1
146,-1
147,-1
148,-1
149,-1
150,-1
151,-1
152,-1
153,-1
154,-1
155,-1
156,-1
157,-1
158,-1
159,-1
160,-1
161,-1
162,-1
163,-1
164,-1
165,-1
166,-1
167,-1
168,-1
169,-1
170,-1
171,-1
172,-1
173,-1
174,-1
175,-1
176,-1
177,-1
178,-1
179,-1
180,-1
181,-1
182,-1
183,-1
184,-1
185,-1
186,-1
187,-1
188,-1
189,-1
190,-1
191,-1
192,-1
193,-1
194,-1
195,-1
196,-1
197,-1
198,-1
199,-1
200,-1
201,-1
202,-1
203,-1
204,-1
205,-1
206,-1
207,-1
208,-1
209,-1
210,-1
211,-1
212,-1
213,-1
214,-1
215,-1
216,-1
217,-1
218,-1
219,-1
220,-1
221,-1
222,-1
223,-1
224,-1
225,-1
226,-1
227,-1
228,-1
229,-1
230,-1
231,-1
232,-1
233,-1
234,-1
235,-1
236,-1
237,-1
238,-1
239,-1
240,-1
241,-1
242,-1
243,-1
244,-1
245,-1
246,-1
247,-1
248,-1
249,-1
250,-1
251,-1
252,-1
253,-1
254,-1
255,-1
256,-1
257,-1
258,-1
259,-1
260,-1
261,-1
262,-1
263,-1
264,-1
265,-1
266,-1
267,-1
268,-1
269,-1
270,-1
271,-1
272,-1
273,-1
274,-1
275,-1
276,-1
277,-1
278,-1
279,-1
280,-1
281,-1
282,-1
283,-1
284,-1
285,-1
286,-1
287,-1
288,-1
289,-1
290,-1
291,-1
292,-1
293,-1
294,-1
295,-1
296,-1
297,-1
298,-1
299,-1
300,-1
301,-1
302,-1
303,-1
304,-1
305,-1
306,-1
307,-1
308,-1
309,-1
310,-1
311,-1
312,1
313,1
314,1
315,1
316,1
317,1
318,1
319,1
320,1
321,1
322,1
323,1
324,1
325,1
326,1
327,1
328,1
329,1
330,1
331,1
332,1
333,1
334,1
335,1
336,1
337,1
338,1
339,1
340,1
341,1
342,1
343,1
344,1
345,1
346,1
347,1
348,1
349,1
350,1
351,1
352,1
353,1
354,1
355,1
356,1
357,1
358,1
359,1
360,1
361,1
362,1
363,1
364,1
365,1
366,1
367,1
368,1
369,1
370,1
371,1
372,48
373,48
374,48
375,48
376,48
377,48
378,48
379,48
380,48
381,48
382,48
383,48
384,48
385,48
386,48
387,48
388,48
389,48
390,48
391,48
392,48
393,48
394,48
395,48
396,48
397,48
398,48
399,48
400,48
401,48
402,48
403,48
404,48
405,48
406,48
407,48
408,48
409,48
410,48
411,48
412,48
413,48
414,48
415,48
416,48
417,48
418,48
419,48
420,48
421,48
422,48
423,48
424,48
425,48
426,48
427,48
428,48
429,48
430,48
431,48
432,133
433,133
434,133
435,133
436,133
437,133
438,133
439,133
440,133
441,133
442,133
443,133
444,133
445,133
446,133
447,133
448,133
449,133
450,133
451,133
452,133
453,133
454,133
455,133
456,133
457,133
458,133
459,133
460,133
461,133
462,133
463,133
464,133
465,133
466,133
467,133
468,133
469,133
470,133
471,133
472,133
473,133
474,133
475,133
476,133
477,133
478,133
479,133
480,133
481,133
482,133
483,133
484,133
485,133
486,133
487,133
488,133
489,133
490,133
491,133
492,155
493,155
494,155
495,155
496,155
497,155
498,155
499,155
500,155
501,155
502,155
503,155
504,155
505,155
506,155
507,155
508,155
509,155
510,155
511,155
512,155
513,155
514,155
515,155
516,155
517,155
518,155
519,155
520,155
521,155
522,155
523,155
524,155
525,155
526,155
527,155
528,155
529,155
530,155
531,155
532,155
533,155
534,155
535,155
536,155
537,155
538,155
539,155
540,155
541,155
542,155
543,155
544,155
545,155
546,155
547,155
548,155
549,155
550,155
551,155
552,165
553,165
554,165
555,165
556,165
557,165
558,165
559,165
560,165
561,165
562,165
563,165
564,165
565,165
566,165
567,165
568,165
569,165
570,165
571,165
572,165
573,165
574,165
575,165
576,165
577,165
578,165
579,165
580,165
581,165
582,165
583,165
584,165
585,165
586,165
587,165
588,165
589,165
590,165
591,165
592,165
593,165
594,165
595,165
596,165
597,165
598,165
599,165
600,165
601,165
602,165
603,165
604,165
605,165
606,165
607,165
608,165
609,165
610,165
611,165
612,166
613,166
614,166
615,166
616,166
617,166
618,166
619,166
620,166
621,166
622,166
623,166
624,166
625,166
626,166
627,166
628,166
629,166
630,166
631,166
632,166
633,166
634,166
635,166
636,166
637,166
638,166
639,166
640,166
641,166
642,166
643,166
644,166
645,166
646,166
647,166
648,166
649,166
650,166
651,166
652,166
653,166
654,166
655,166
656,166
657,166
658,166
659,166
660,166
661,166
662,166
663,166
664,166
665,166
666,166
667,166
668,166
669,166
670,166
671,166
672,165
673,165
674,165
675,165
676,165
677,165
678,165
679,165
680,165
681,165
682,165
683,165
684,165
685,165
686,165
687,165
688,165
689,165
690,165
691,165
692,165
693,165
694,165
695,165
696,165
697,165
698,165
699,165
700,165
701,165
702,165
703,165
704,165
705,165
706,165
707,165
708,165
709,165
710,165
711,165
712,165
713,165
714,165
715,165
716,165
717,165
718,165
719,165
720,165
721,165
722,165
723,165
724,165
725,165
726,165
727,165
728,165
729,165
730,165
731,165
732,166
733,166
734,166
735,166
736,166
737,166
738,166
739,166
740,166
741,166
742,166
743,166
744,166
745,166
746,166
747,166
748,166
749,166
750,166
751,166
752,166
753,166
754,166
755,166
756,166
757,166
758,166
759,166
760,166
761,166
762,166
763,166
764,166
765,166
766,166
767,166
768,166
769,166
770,166
771,166
772,166
773,166
774,166
775,166
776,166
777,166
778,166
779,166
780,166
781,166
782,166
783,166
784,166
785,166
786,166
787,166
788,166
789,166
790,166
791,166
792,165
793,165
794,165
795,165
796,165
797,165
798,165
799,165
800,165
801,165
802,165
803,165
804,165
805,165
806,165
807,165
808,165
809,165
810,165
811,165
812,165
813,165
814,165
815,165
816,165
817,165
818,165
819,165
820,165
821,165
822,165
823,165
824,165
825,165
826,165
827,165
828,165
829,165
830,165
831,165
832,165
833,165
834,165
835,165
836,165
837,165
838,165
839,165
840,165
841,165
842,165
843,165
844,165
845,165
846,165
847,165
848,165
849,165
850,165
851,165
852,150
853,150
854,150
855,150
856,150
857,150
858,150
859,150
860,150
861,150
862,150
863,150
864,150
865,150
866,150
867,150
868,150
869,150
870,150
871,150
872,150
873,150
874,150
875,150
876,150
877,150
878,150
879,150
880,150
881,150
882,150
883,150
884,150
885,150
886,150
887,150
888,150
889,150
890,150
891,150
892,150
893,150
894,150
895,150
896,150
897,150
898,150
899,150
900,150
901,150
902,150
903,150
904,150
905,150
906,150
907,150
908,150
909,150
910,150
911,150
912,141
913,141
914,141
915,141
916,141
917,141
918,141
919,141
920,141
921,141
922,141
923,141
924,141
925,141
926,141
927,141
928,141
929,141
930,141
931,141
932,141
933,141
934,141
935,141
936,141
937,141
938,141
939,141
940,141
941,141
942,141
943,141
944,141
945,141
946,141
947,141
948,141
949,141
950,141
951,141
952,141
953,141
954,141
955,141
956,141
957,141
958,141
959,141
960,141
961,141
962,141
963,141
964,141
965,141
966,141
967,141
968,141
969,141
970,141
971,141
972,120
973,120
974,120
975,120
976,120
977,120
978,120
979,120
980,120
981,120
982,120
983,120
984,120
985,120
986,120
987,120
988,120
989,120
990,120
991,120
992,120
993,120
994,120
995,120
996,120
997,120
998,120
999,120
1000,120
1001,120
1002,120
1003,120
1004,120
1005,120
1006,120
1007,120
1008,120
1009,120
1010,120
1011,120
1012,120
1013,120
1014,120
1015,120
1016,120
1017,120
1018,120
1019,120
1020,120
1021,120
1022,120
1023,120
1024,120
1025,120
1026,120
1027,120
1028,120
1029,120
1030,120
1031,120
1032,113
1033,113
1034,113
1035,113
1036,113
1037,113
1038,113
1039,113
1040,113
1041,113
1042,113
1043,113
1044,113
1045,113
1046,113
1047,113
1048,113
1049,113
1050,113
1051,113
1052,113
1053,113
1054,113
1055,113
1056,113
1057,113
1058,113
1059,113
1060,113
1061,113
1062,113
1063,113
1064,113
1065,113
1066,113
1067,113
1068,113
1069,113
1070,113
1071,113
1072,113
1073,113
1074,113
1075,113
1076,113
1077,113
1078,113
1079,113
1080,113
1081,113
1082,113
1083,113
1084,113
1085,113
1086,113
1087,113
1088,113
1089,113
1090,113
1091,113
1092,112
1093,112
1094,112
1095,112
1096,112
1097,112
1098,112
1099,112
1100,112
1101,112
1102,112
1103,112
1104,112
1105,112
1106,112
1107,112
1108,112
1109,112
1110,112
1111,112
1112,112
1113,112
1114,112
1115,112
1116,112
1117,112
1118,112
1119,112
1120,112
1121,112
1122,112
1123,112
1124,112
1125,112
1126,112
1127,112
1128,112
1129,112
1130,112
1131,112
1132,112
1133,112
1134,112
1135,112
1136,112
1137,112
1138,112
1139,112
1140,112
1141,112
1142,112
1143,112
1144,112
1145,112
1146,112
1147,112
1148,112
1149,112
1150,112
1151,112
1152,32
1153,32
1154,32
1155,32
1156,32
1157,32
1158,32
1159,32
1160,32
1161,32
1162,32
1163,32
1164,32
1165,32
1166,32
1167,32
1168,32
1169,32
1170,32
1171,32
1172,32
1173,32
1174,32
1175,32
1176,32
1177,32
1178,32
1179,32
1180,32
1181,32
1182,32
1183,32
1184,32
1185,32
1186,32
1187,32
1188,32
1189,32
1190,32
1191,32
1192,32
1193,32
1194,32
1195,32
1196,32
1197,32
1198,32
1199,32
1200,32
1201,32
1202,32
1203,32
1204,32
1205,32
1206,32
1207,32
1208,32
1209,32
1210,32
1211,32
1212,2
1213,2
1214,2
1215,2
1216,2
1217,2
1218,2
1219,2
1220,2
1221,2
1222,2
1223,2
1224,2
1225,2
1226,2
1227,2
1228,2
1229,2
1230,2
1231,2
1232,2
1233,2
1234,2
1235,2
1236,2
1237,2
1238,2
1239,2
1240,2
1241,2
1242,2
1243,2
1244,2
1245,2
1246,2
1247,2
1248,2
1249,2
1250,2
1251,2
1252,2
1253,2
1254,2
1255,2
1256,2
1257,2
1258,2
1259,2
1260,2
1261,2
1262,2
1263,2
1264,2
1265,2
1266,2
1267,2
1268,2
1269,2
1270,2
1271,2
1272,-1
1273,-1
1274,-1
1275,-1
1276,-1
1277,-1
1278,-1
1279,-1
1280,-1
1281,-1
1282,-1
1283,-1
1284,-1
1285,-1
1286,-1
1287,-1
1288,-1
1289,-1
1290,-1
1291,-1
1292,-1
1293,-1
1294,-1
1295,-1
1296,-1
1297,-1
1298,-1
1299,-1
1300,-1
1301,-1
1302,-1
1303,-1
1304,-1
1305,-1
1306,-1
1307,-1
1308,-1
1309,-1
1310,-1
1311,-1
1312,-1
1313,-1
1314,-1
1315,-1
1316,-1
1317,-1
1318,-1
1319,-1
1320,-1
1321,-1
1322,-1
1323,-1
1324,-1
1325,-1
1326,-1
1327,-1
1328,-1
1329,-1
1330,-1
1331,-1
1332,0
1333,0
1334,0
1335,0
1336,0
1337,0
1338,0
1339,0
1340,0
1341,0
1342,0
1343,0
1344,0
1345,0
1346,0
1347,0
1348,0
1349,0
1350,0
1351,0
1352,0
1353,0
1354,0
1355,0
1356,0
1357,0
1358,0
1359,0
1360,0
1361,0
1362,0
1363,0
1364,0
1365,0
1366,0
1367,0
1368,0
1369,0
1370,0
1371,0
1372,0
1373,0
1374,0
1375,0
1376,0
1377,0
1378,0
1379,0
1380,0
1381,0
1382,0
1383,0
1384,0
1385,0
1386,0
1387,0
1388,0
1389,0
1390,0
1391,0
1392,-1
1393,-1
1394,-1
1395,-1
1396,-1
1397,-1
1398,-1
1399,-1
